Commit,Date,Test,Checks,Latency (mean),Latency (median),Latency (min),Latency (max),Latency (stddev),Bandwidth (mean),Bandwidth (median),Bandwidth (min),Bandwidth (max),Bandwidth (stddev),Throughput (mean),Throughput (median),Throughput (min),Throughput (max),Throughput (stddev)
dc66da77fcb62e0475e38850a6105819fb2f7df2,2026-03-25 19:32:44,axpy_1_cols_2_channels_1024_tile_1024_10.0,5/5,160.84,149.0,141.9,188.4,21.012448691192567,0.038703202,0.04123169,0.03262,0.04331059,0.004820159054084211,,,,,
dc66da77fcb62e0475e38850a6105819fb2f7df2,2026-03-25 19:32:44,axpy_1_cols_2_channels_1024_tile_1024_3.0,5/5,170.01999999999998,178.1,131.6,198.6,25.16310791615376,0.03684278,0.03449773,0.03093614,0.04668443,0.006045636365813775,,,,,
dc66da77fcb62e0475e38850a6105819fb2f7df2,2026-03-25 19:32:44,axpy_1_cols_2_channels_2048_tile_2048_10.0,5/5,172.18,191.9,114.4,213.6,44.83488597063675,0.075963456,0.06402436,0.05752188,0.1073742,0.02223496621571708,,,,,
dc66da77fcb62e0475e38850a6105819fb2f7df2,2026-03-25 19:32:44,axpy_1_cols_2_channels_2048_tile_2048_3.0,5/5,172.66,176.4,115.9,223.4,39.19710448489786,0.074575972,0.06964812,0.05500492,0.1060486,0.01921985361052654,,,,,
dc66da77fcb62e0475e38850a6105819fb2f7df2,2026-03-25 19:32:44,axpy_1_cols_2_channels_4096_tile_4096_10.0,5/5,152.88,146.9,109.2,190.3,31.530334600190972,0.16681946,0.1673364,0.1291719,0.2250638,0.03731884366440097,,,,,
dc66da77fcb62e0475e38850a6105819fb2f7df2,2026-03-25 19:32:44,axpy_1_cols_2_channels_4096_tile_4096_3.0,5/5,181.2,173.6,139.5,215.1,30.464897833408205,0.13891882,0.1415923,0.1142785,0.1762038,0.024670467426601384,,,,,
dc66da77fcb62e0475e38850a6105819fb2f7df2,2026-03-25 19:32:44,axpy_1_cols_2_channels_8192_tile_8192_10.0,5/5,155.74,132.6,114.9,225.3,45.10723888690152,0.33491948,0.3707885,0.2181571,0.4277146,0.08456006773591186,,,,,
dc66da77fcb62e0475e38850a6105819fb2f7df2,2026-03-25 19:32:44,axpy_1_cols_2_channels_8192_tile_8192_3.0,5/5,191.14000000000001,199.6,129.5,254.9,52.50374272373352,0.27442326,0.2463064,0.1928517,0.3796656,0.07947399034267752,,,,,
dc66da77fcb62e0475e38850a6105819fb2f7df2,2026-03-25 19:32:44,axpy_2_cols_2_channels_1024_tile_512_10.0,5/5,189.88,189.3,120.9,255.1,48.53372023655305,0.034340654,0.03245567,0.02408393,0.05082802,0.010016502525319404,,,,,
dc66da77fcb62e0475e38850a6105819fb2f7df2,2026-03-25 19:32:44,axpy_2_cols_2_channels_1024_tile_512_3.0,5/5,169.92000000000002,179.8,133.8,197.9,25.349102548216575,0.036868806,0.03417746,0.03104796,0.04593548,0.005945683340254509,,,,,
dc66da77fcb62e0475e38850a6105819fb2f7df2,2026-03-25 19:32:44,axpy_2_cols_2_channels_2048_tile_1024_10.0,5/5,164.28,170.0,123.0,211.0,35.659108233381275,0.077752872,0.07228556,0.05823684,0.09988296,0.017170187701039265,,,,,
dc66da77fcb62e0475e38850a6105819fb2f7df2,2026-03-25 19:32:44,axpy_2_cols_2_channels_2048_tile_1024_3.0,5/5,144.78,144.0,111.6,185.0,27.02391533438484,0.087239888,0.08533048,0.06641702,0.1101274,0.016046730356945618,,,,,
dc66da77fcb62e0475e38850a6105819fb2f7df2,2026-03-25 19:32:44,axpy_2_cols_2_channels_4096_tile_2048_10.0,5/5,159.84,175.0,112.1,186.4,29.909580404947178,0.15907598,0.1404349,0.1318149,0.2193175,0.03578330164464984,,,,,
dc66da77fcb62e0475e38850a6105819fb2f7df2,2026-03-25 19:32:44,axpy_2_cols_2_channels_4096_tile_2048_3.0,5/5,147.98,150.0,129.5,173.8,17.399339067907153,0.16788792,0.1638779,0.1413981,0.1898328,0.019109214621668782,,,,,
dc66da77fcb62e0475e38850a6105819fb2f7df2,2026-03-25 19:32:44,axpy_2_cols_2_channels_8192_tile_4096_10.0,5/5,177.54,179.1,140.7,201.7,25.378987371445696,0.2818236,0.2745119,0.2436861,0.3494211,0.04351911159467757,,,,,
dc66da77fcb62e0475e38850a6105819fb2f7df2,2026-03-25 19:32:44,axpy_2_cols_2_channels_8192_tile_4096_3.0,5/5,197.26,162.8,155.2,269.2,53.00762209343105,0.26273102,0.3018425,0.1826027,0.3166796,0.06334135089668518,,,,,
dc66da77fcb62e0475e38850a6105819fb2f7df2,2026-03-25 19:32:44,axpy_4_cols_2_channels_1024_tile_256_10.0,5/5,158.98000000000002,162.4,129.5,183.3,19.83146489798472,0.039165326,0.03784112,0.0335108,0.0474582,0.00522262773498935,,,,,
dc66da77fcb62e0475e38850a6105819fb2f7df2,2026-03-25 19:32:44,axpy_4_cols_2_channels_1024_tile_256_3.0,5/5,173.14,165.2,156.4,194.1,18.12727227135952,0.035790532,0.03718586,0.03165824,0.03928324,0.0036412178926177987,,,,,
dc66da77fcb62e0475e38850a6105819fb2f7df2,2026-03-25 19:32:44,axpy_4_cols_2_channels_2048_tile_512_10.0,5/5,172.82,166.2,135.7,214.1,28.613755433357575,0.07269332199999999,0.07394492,0.05739377,0.09057928,0.012116919682816257,,,,,
dc66da77fcb62e0475e38850a6105819fb2f7df2,2026-03-25 19:32:44,axpy_4_cols_2_channels_2048_tile_512_3.0,5/5,173.94,172.1,118.3,248.9,47.38272892098977,0.074740826,0.0713845,0.04936744,0.1039105,0.019546517275491306,,,,,
dc66da77fcb62e0475e38850a6105819fb2f7df2,2026-03-25 19:32:44,axpy_4_cols_2_channels_4096_tile_1024_10.0,5/5,176.84,192.6,134.2,210.5,37.63486415546096,0.1445513,0.1275733,0.1167375,0.1830892,0.03292172508807824,,,,,
dc66da77fcb62e0475e38850a6105819fb2f7df2,2026-03-25 19:32:44,axpy_4_cols_2_channels_4096_tile_1024_3.0,5/5,165.34,176.9,106.3,201.9,41.24206590363776,0.15771522,0.1389208,0.1216992,0.2311193,0.0462683494117415,,,,,
dc66da77fcb62e0475e38850a6105819fb2f7df2,2026-03-25 19:32:44,axpy_4_cols_2_channels_8192_tile_2048_10.0,5/5,176.46,161.2,147.3,218.6,31.714239703956324,0.28543682,0.3049681,0.2248184,0.3335897,0.04827249230190006,,,,,
dc66da77fcb62e0475e38850a6105819fb2f7df2,2026-03-25 19:32:44,axpy_4_cols_2_channels_8192_tile_2048_3.0,5/5,173.32,190.0,123.5,208.1,37.40236623530656,0.29573636000000003,0.258668,0.2361494,0.3979892,0.07084853472594192,,,,,
dc66da77fcb62e0475e38850a6105819fb2f7df2,2026-03-25 19:32:44,axpy_8_cols_2_channels_1024_tile_128_10.0,5/5,185.78,176.7,173.1,213.4,17.174894468380298,0.033283766,0.03477706,0.02879308,0.0354956,0.002866849575157372,,,,,
dc66da77fcb62e0475e38850a6105819fb2f7df2,2026-03-25 19:32:44,axpy_8_cols_2_channels_1024_tile_128_3.0,5/5,184.29999999999998,186.2,135.2,228.2,39.491138246447136,0.034661512,0.03299591,0.02692769,0.04544939,0.007794946549728227,,,,,
dc66da77fcb62e0475e38850a6105819fb2f7df2,2026-03-25 19:32:44,axpy_8_cols_2_channels_2048_tile_256_10.0,5/5,213.76000000000002,197.4,182.4,280.1,40.02140677187648,0.05890641,0.0622459,0.0438635,0.06737204,0.009556261463689656,,,,,
dc66da77fcb62e0475e38850a6105819fb2f7df2,2026-03-25 19:32:44,axpy_8_cols_2_channels_2048_tile_256_3.0,5/5,217.76,203.8,189.5,255.6,28.00933772869326,0.057148388,0.06028024,0.04807799,0.0648297,0.007043944680033341,,,,,
dc66da77fcb62e0475e38850a6105819fb2f7df2,2026-03-25 19:32:44,axpy_8_cols_2_channels_4096_tile_512_10.0,5/5,202.46,212.4,183.6,214.3,15.262470311191443,0.12195586,0.1156894,0.1146599,0.1338691,0.009480237535157013,,,,,
dc66da77fcb62e0475e38850a6105819fb2f7df2,2026-03-25 19:32:44,axpy_8_cols_2_channels_4096_tile_512_3.0,5/5,174.24,180.7,111.8,214.6,38.56504894331135,0.14827456,0.1359884,0.1145325,0.2197851,0.04144304898282703,,,,,
dc66da77fcb62e0475e38850a6105819fb2f7df2,2026-03-25 19:32:44,axpy_8_cols_2_channels_8192_tile_1024_10.0,5/5,186.22,172.9,168.3,227.5,24.909676834515533,0.2673791,0.2843565,0.216099,0.2920091,0.03197999883137897,,,,,
dc66da77fcb62e0475e38850a6105819fb2f7df2,2026-03-25 19:32:44,axpy_8_cols_2_channels_8192_tile_1024_3.0,5/5,201.22,197.6,187.6,223.9,13.811842744543542,0.24513669999999999,0.2486833,0.219551,0.2619548,0.015952497993887975,,,,,
dc66da77fcb62e0475e38850a6105819fb2f7df2,2026-03-25 19:32:44,dequant_1_cols_1_channels_1024_tile_1024,5/5,176.24,171.9,122.5,224.4,45.85774743704711,0.015757306,0.01526471,0.01169591,0.02141217,0.004224504681815373,,,,,
dc66da77fcb62e0475e38850a6105819fb2f7df2,2026-03-25 19:32:44,dequant_1_cols_1_channels_2048_tile_2048,5/5,187.04,187.2,163.3,205.3,17.93440827013816,0.028274152,0.02804039,0.02556528,0.03213388,0.0027746768252122616,,,,,
dc66da77fcb62e0475e38850a6105819fb2f7df2,2026-03-25 19:32:44,dequant_1_cols_1_channels_4096_tile_4096,5/5,200.7,163.6,161.6,275.6,53.84514834226015,0.055111792,0.06417407,0.03808254,0.06493129,0.013163072909414809,,,,,
dc66da77fcb62e0475e38850a6105819fb2f7df2,2026-03-25 19:32:44,dequant_1_cols_1_channels_8192_tile_8192,5/5,172.46,173.6,113.0,209.3,39.522310155151615,0.12800466,0.1209434,0.1002811,0.1857528,0.03490047591778656,,,,,
dc66da77fcb62e0475e38850a6105819fb2f7df2,2026-03-25 19:32:44,dequant_1_cols_2_channels_1024_tile_512,5/5,206.48,216.2,127.1,260.1,51.13073439722923,0.013525412,0.01213435,0.01008786,0.02064888,0.004202844684159766,,,,,
dc66da77fcb62e0475e38850a6105819fb2f7df2,2026-03-25 19:32:44,dequant_1_cols_2_channels_2048_tile_1024,5/5,190.5,188.1,133.0,264.9,47.58576467810514,0.028906696,0.02789823,0.01981252,0.0394475,0.007027057566323903,,,,,
dc66da77fcb62e0475e38850a6105819fb2f7df2,2026-03-25 19:32:44,dequant_1_cols_2_channels_4096_tile_2048,5/5,168.5,167.6,138.5,197.6,27.020917823049608,0.063600464,0.06262221,0.05310424,0.0757718,0.010281180591592097,,,,,
dc66da77fcb62e0475e38850a6105819fb2f7df2,2026-03-25 19:32:44,dequant_1_cols_2_channels_8192_tile_4096,5/5,177.32,165.9,156.9,203.1,20.62527575573233,0.11962678,0.1265041,0.1033413,0.1338098,0.01346207749892267,,,,,
dc66da77fcb62e0475e38850a6105819fb2f7df2,2026-03-25 19:32:44,dequant_2_cols_1_channels_1024_tile_512,5/5,200.79999999999998,201.9,123.3,274.4,62.57064007983296,0.0142438106,0.01299392,0.009561993,0.02128792,0.0048251691499492325,,,,,
dc66da77fcb62e0475e38850a6105819fb2f7df2,2026-03-25 19:32:44,dequant_2_cols_1_channels_2048_tile_1024,5/5,187.68,198.6,127.8,237.2,44.70298647741557,0.02942489,0.02642462,0.02212232,0.04106662,0.007777055011975934,,,,,
dc66da77fcb62e0475e38850a6105819fb2f7df2,2026-03-25 19:32:44,dequant_2_cols_1_channels_4096_tile_2048,5/5,168.52,156.9,150.4,204.6,23.11032236901943,0.063152078,0.06690489,0.05130934,0.06976769,0.007928940589452664,,,,,
dc66da77fcb62e0475e38850a6105819fb2f7df2,2026-03-25 19:32:44,dequant_2_cols_1_channels_8192_tile_4096,5/5,174.1,166.2,124.2,235.8,40.15631955246895,0.125716624,0.1263226,0.08902612,0.1689958,0.028667229419354078,,,,,
dc66da77fcb62e0475e38850a6105819fb2f7df2,2026-03-25 19:32:44,dequant_2_cols_2_channels_1024_tile_256,5/5,197.54000000000002,190.5,118.7,275.1,67.51702007642223,0.014693629,0.01377454,0.009537135,0.02210011,0.005285883041832273,,,,,
dc66da77fcb62e0475e38850a6105819fb2f7df2,2026-03-25 19:32:44,dequant_2_cols_2_channels_2048_tile_512,5/5,201.52,211.5,163.3,236.3,29.620972300044436,0.026518884,0.0248159,0.02221161,0.03213388,0.0040653635508069875,,,,,
dc66da77fcb62e0475e38850a6105819fb2f7df2,2026-03-25 19:32:44,dequant_2_cols_2_channels_4096_tile_1024,5/5,218.34,197.2,169.3,337.8,68.98578114365307,0.051138384,0.05323267,0.03106804,0.06200481,0.012312624913166566,,,,,
dc66da77fcb62e0475e38850a6105819fb2f7df2,2026-03-25 19:32:44,dequant_2_cols_2_channels_8192_tile_2048,5/5,202.38,198.1,132.1,263.5,55.55458576931341,0.110775936,0.1059529,0.07968039,0.1589293,0.03269602107139231,,,,,
dc66da77fcb62e0475e38850a6105819fb2f7df2,2026-03-25 19:32:44,dequant_4_cols_1_channels_1024_tile_256,5/5,180.0,193.8,109.7,240.8,50.4609254770461,0.015701994,0.01353734,0.01089688,0.02392577,0.00514526338655078,,,,,
dc66da77fcb62e0475e38850a6105819fb2f7df2,2026-03-25 19:32:44,dequant_4_cols_1_channels_2048_tile_512,5/5,205.5,207.9,168.3,234.4,25.64868417677601,0.02587615,0.02524278,0.02239238,0.03117806,0.0034304275142028585,,,,,
dc66da77fcb62e0475e38850a6105819fb2f7df2,2026-03-25 19:32:44,dequant_4_cols_1_channels_4096_tile_1024,5/5,193.36,173.8,142.8,276.6,50.88504691950279,0.056972596,0.06038877,0.03795122,0.07349485,0.013074083096746401,,,,,
dc66da77fcb62e0475e38850a6105819fb2f7df2,2026-03-25 19:32:44,dequant_4_cols_1_channels_8192_tile_2048,5/5,159.44,162.8,114.0,219.1,43.16993166545437,0.139629722,0.1289119,0.09580721,0.1841984,0.03743179818609334,,,,,
dc66da77fcb62e0475e38850a6105819fb2f7df2,2026-03-25 19:32:44,dequant_4_cols_2_channels_1024_tile_128,5/5,201.35999999999999,190.7,159.5,242.7,35.74783909553135,0.013364796,0.01375732,0.01081125,0.0164512,0.002364925475005502,,,,,
dc66da77fcb62e0475e38850a6105819fb2f7df2,2026-03-25 19:32:44,dequant_4_cols_2_channels_2048_tile_256,5/5,205.1,202.2,168.6,244.4,32.133160442135164,0.026098416,0.0259572,0.02147484,0.03113396,0.004082686598488794,,,,,
dc66da77fcb62e0475e38850a6105819fb2f7df2,2026-03-25 19:32:44,dequant_4_cols_2_channels_4096_tile_512,5/5,182.42000000000002,170.9,145.9,254.6,43.83476930474255,0.059865378000000004,0.06139946,0.04122043,0.07193368,0.012295480524573653,,,,,
dc66da77fcb62e0475e38850a6105819fb2f7df2,2026-03-25 19:32:44,dequant_4_cols_2_channels_8192_tile_1024,5/5,182.0,181.4,159.3,207.4,18.212770245078037,0.11625985999999999,0.1156989,0.1012033,0.1318066,0.011581452334357725,,,,,
dc66da77fcb62e0475e38850a6105819fb2f7df2,2026-03-25 19:32:44,dequant_8_cols_1_channels_1024_tile_128,5/5,250.3,226.0,201.5,370.0,69.9060440877611,0.0110220762,0.01160955,0.007091401,0.01302468,0.002438335107566677,,,,,
dc66da77fcb62e0475e38850a6105819fb2f7df2,2026-03-25 19:32:44,dequant_8_cols_1_channels_2048_tile_256,5/5,221.29999999999998,217.7,188.1,257.0,28.91859263518887,0.024039996,0.02410921,0.02041902,0.02789823,0.0031258502194091127,,,,,
dc66da77fcb62e0475e38850a6105819fb2f7df2,2026-03-25 19:32:44,dequant_8_cols_1_channels_4096_tile_512,5/5,197.94,200.0,142.6,239.6,41.799617223127775,0.05512612,0.05247129,0.04380439,0.07361775,0.012550013755944651,,,,,
dc66da77fcb62e0475e38850a6105819fb2f7df2,2026-03-25 19:32:44,dequant_8_cols_1_channels_8192_tile_1024,5/5,183.62,177.1,169.3,213.9,17.475039341872737,0.1150699,0.1185018,0.098157,0.1240096,0.00991771259414186,,,,,
dc66da77fcb62e0475e38850a6105819fb2f7df2,2026-03-25 19:32:44,dequant_8_cols_2_channels_1024_tile_64,5/5,230.56,237.7,155.2,268.5,45.38857785831145,0.0118377546,0.01103897,0.009774293,0.01690607,0.0029235920589380793,,,,,
dc66da77fcb62e0475e38850a6105819fb2f7df2,2026-03-25 19:32:44,dequant_8_cols_2_channels_2048_tile_128,5/5,247.72,248.0,188.4,312.3,52.2707088147846,0.021972018,0.0211651,0.01680283,0.02786292,0.004694272487225256,,,,,
dc66da77fcb62e0475e38850a6105819fb2f7df2,2026-03-25 19:32:44,dequant_8_cols_2_channels_4096_tile_256,5/5,230.6,235.6,199.6,250.3,18.95507847517388,0.04578305,0.04455811,0.04192706,0.05259667,0.004058682471572516,,,,,
dc66da77fcb62e0475e38850a6105819fb2f7df2,2026-03-25 19:32:44,dequant_8_cols_2_channels_8192_tile_512,5/5,229.9,210.8,174.3,318.1,58.20433832627943,0.095697844,0.09960049,0.06600212,0.1204471,0.02193392081588994,,,,,
dc66da77fcb62e0475e38850a6105819fb2f7df2,2026-03-25 19:32:44,eltwise_add_1_cols_2_channels_1024_tile_1024,5/5,162.52,172.4,109.7,188.8,32.7810463530376,0.03937156,0.03564288,0.03253763,0.05602131,0.00978047123879775,,,,,
dc66da77fcb62e0475e38850a6105819fb2f7df2,2026-03-25 19:32:44,eltwise_add_1_cols_2_channels_2048_tile_2048,5/5,177.64,169.8,127.3,230.1,39.70444559492047,0.072095354,0.07238709,0.05340892,0.09651612,0.016596138567961525,,,,,
dc66da77fcb62e0475e38850a6105819fb2f7df2,2026-03-25 19:32:44,eltwise_add_1_cols_2_channels_4096_tile_4096,5/5,177.54,174.8,145.0,202.2,21.72275304835922,0.14022656,0.1406265,0.1215557,0.1695382,0.01839385196316965,,,,,
dc66da77fcb62e0475e38850a6105819fb2f7df2,2026-03-25 19:32:44,eltwise_add_1_cols_2_channels_8192_tile_8192,5/5,198.7,202.7,143.5,251.3,43.57453384719107,0.25769464,0.2425393,0.1955962,0.3424559,0.05957543245372206,,,,,
dc66da77fcb62e0475e38850a6105819fb2f7df2,2026-03-25 19:32:44,eltwise_add_2_cols_2_channels_1024_tile_512,5/5,155.0,150.4,132.3,175.2,16.651876771103005,0.040010226,0.04083963,0.03506096,0.04643208,0.004399965539982103,,,,,
dc66da77fcb62e0475e38850a6105819fb2f7df2,2026-03-25 19:32:44,eltwise_add_2_cols_2_channels_2048_tile_1024,5/5,171.38,177.4,131.8,202.7,26.373699020046462,0.073210364,0.06927367,0.06063483,0.09320001,0.012378282054771575,,,,,
dc66da77fcb62e0475e38850a6105819fb2f7df2,2026-03-25 19:32:44,eltwise_add_2_cols_2_channels_4096_tile_2048,5/5,181.76,184.3,141.1,204.6,25.498392106170144,0.13763712,0.1333496,0.1201389,0.1741203,0.021830310851130817,,,,,
dc66da77fcb62e0475e38850a6105819fb2f7df2,2026-03-25 19:32:44,eltwise_add_2_cols_2_channels_8192_tile_4096,5/5,188.46,185.0,161.2,221.0,27.437164576537427,0.26526594000000003,0.2656681,0.2223931,0.3049681,0.038189003667587346,,,,,
dc66da77fcb62e0475e38850a6105819fb2f7df2,2026-03-25 19:32:44,eltwise_add_4_cols_2_channels_1024_tile_256,5/5,181.07999999999998,199.6,131.6,227.5,40.77507817282513,0.035459372,0.0307883,0.02701237,0.04668443,0.008526409778424913,,,,,
dc66da77fcb62e0475e38850a6105819fb2f7df2,2026-03-25 19:32:44,eltwise_add_4_cols_2_channels_2048_tile_512,5/5,184.74,184.8,140.2,218.9,29.546454948098265,0.068047204,0.06650272,0.05614336,0.08765239,0.012055485333184639,,,,,
dc66da77fcb62e0475e38850a6105819fb2f7df2,2026-03-25 19:32:44,eltwise_add_4_cols_2_channels_4096_tile_1024,5/5,199.9,194.1,187.9,214.8,12.556870629261102,0.1233296,0.1266329,0.1144053,0.1308112,0.007606862630217527,,,,,
dc66da77fcb62e0475e38850a6105819fb2f7df2,2026-03-25 19:32:44,eltwise_add_4_cols_2_channels_8192_tile_2048,5/5,213.22,203.1,149.5,261.5,46.91686264020645,0.24044662,0.24197,0.1879293,0.3288013,0.057384358203756196,,,,,
dc66da77fcb62e0475e38850a6105819fb2f7df2,2026-03-25 19:32:44,eltwise_add_8_cols_2_channels_1024_tile_128,5/5,181.18,176.0,149.5,223.2,32.25464307661766,0.0347701,0.03491843,0.02753184,0.04110017,0.0060229825045279685,,,,,
dc66da77fcb62e0475e38850a6105819fb2f7df2,2026-03-25 19:32:44,eltwise_add_8_cols_2_channels_2048_tile_256,5/5,211.6,208.4,158.5,268.2,43.70612085280504,0.060125404,0.0589698,0.04581298,0.07750317,0.012609770118215081,,,,,
dc66da77fcb62e0475e38850a6105819fb2f7df2,2026-03-25 19:32:44,eltwise_add_8_cols_2_channels_4096_tile_512,5/5,201.44,186.9,149.0,270.1,45.864615990979374,0.126927242,0.1314786,0.09097901,0.1649267,0.027651723356091572,,,,,
dc66da77fcb62e0475e38850a6105819fb2f7df2,2026-03-25 19:32:44,eltwise_add_8_cols_2_channels_8192_tile_1024,5/5,206.62,195.3,138.3,269.7,54.9184577350821,0.252593,0.2517197,0.1822798,0.3554456,0.07044318501214293,,,,,
dc66da77fcb62e0475e38850a6105819fb2f7df2,2026-03-25 19:32:44,eltwise_mul_1_cols_2_channels_1024_tile_1024,5/5,187.16,189.1,150.9,209.6,22.097352782629866,0.033240972,0.0324966,0.02931718,0.04071059,0.00439614349056875,,,,,
dc66da77fcb62e0475e38850a6105819fb2f7df2,2026-03-25 19:32:44,eltwise_mul_1_cols_2_channels_2048_tile_2048,5/5,194.98,171.2,155.4,267.0,48.9069729179797,0.065965248,0.07178218,0.04601751,0.07904848,0.014770306172089664,,,,,
dc66da77fcb62e0475e38850a6105819fb2f7df2,2026-03-25 19:32:44,eltwise_mul_1_cols_2_channels_4096_tile_4096,5/5,174.12,180.2,127.3,243.4,47.66861651023659,0.14961428,0.1363482,0.1009591,0.1930322,0.03946492133385039,,,,,
dc66da77fcb62e0475e38850a6105819fb2f7df2,2026-03-25 19:32:44,eltwise_mul_2_cols_2_channels_1024_tile_512,5/5,167.42,156.4,140.2,221.7,31.740384370703513,0.037611338,0.03928324,0.02770947,0.0438262,0.00606049794615261,,,,,
dc66da77fcb62e0475e38850a6105819fb2f7df2,2026-03-25 19:32:44,eltwise_mul_2_cols_2_channels_2048_tile_1024,5/5,191.01999999999998,185.7,152.1,238.7,36.94011369771349,0.066257954,0.06616124,0.05148812,0.08078308,0.012557685448763237,,,,,
dc66da77fcb62e0475e38850a6105819fb2f7df2,2026-03-25 19:32:44,eltwise_mul_2_cols_2_channels_4096_tile_2048,5/5,173.66,161.6,106.3,224.8,50.93405540500384,0.15291822,0.1520342,0.1093099,0.2311193,0.04998202524755274,,,,,
dc66da77fcb62e0475e38850a6105819fb2f7df2,2026-03-25 19:32:44,eltwise_mul_2_cols_2_channels_8192_tile_4096,5/5,202.56,165.5,164.3,277.5,53.2657300710316,0.25516992,0.2970583,0.1771121,0.299214,0.05970395420524506,,,,,
dc66da77fcb62e0475e38850a6105819fb2f7df2,2026-03-25 19:32:44,eltwise_mul_4_cols_2_channels_1024_tile_256,5/5,227.8,227.5,205.3,267.7,25.526260987461512,0.027230792,0.02701237,0.02294729,0.02993009,0.002884582167805244,,,,,
dc66da77fcb62e0475e38850a6105819fb2f7df2,2026-03-25 19:32:44,eltwise_mul_4_cols_2_channels_2048_tile_512,5/5,197.28,190.3,158.3,240.1,30.192913075753385,0.063472106,0.06458597,0.05118134,0.07761989,0.009750058720696507,,,,,
dc66da77fcb62e0475e38850a6105819fb2f7df2,2026-03-25 19:32:44,eltwise_mul_4_cols_2_channels_4096_tile_1024,5/5,178.68,204.8,136.4,209.6,38.545453687821606,0.14333494,0.1199991,0.1172687,0.1802084,0.03353236177714,,,,,
dc66da77fcb62e0475e38850a6105819fb2f7df2,2026-03-25 19:32:44,eltwise_mul_4_cols_2_channels_8192_tile_2048,5/5,209.23999999999998,201.7,140.2,310.4,62.10799465447262,0.25045322000000003,0.2436861,0.1583398,0.3506096,0.06833214440830172,,,,,
dc66da77fcb62e0475e38850a6105819fb2f7df2,2026-03-25 19:32:44,eltwise_mul_8_cols_2_channels_1024_tile_128,5/5,221.2,231.7,192.4,239.6,19.653625619717086,0.02796145,0.02651214,0.0256416,0.03193284,0.002622946111970277,,,,,
dc66da77fcb62e0475e38850a6105819fb2f7df2,2026-03-25 19:32:44,eltwise_mul_8_cols_2_channels_2048_tile_256,5/5,259.3,258.9,190.7,336.2,55.67167143170752,0.049197816,0.0474582,0.03655291,0.06442451,0.010711114235103182,,,,,
dc66da77fcb62e0475e38850a6105819fb2f7df2,2026-03-25 19:32:44,eltwise_mul_8_cols_2_channels_4096_tile_512,5/5,206.64000000000001,214.1,165.9,229.8,24.975347845425496,0.12049496,0.1147875,0.1069286,0.1481023,0.016364637980810937,,,,,
dc66da77fcb62e0475e38850a6105819fb2f7df2,2026-03-25 19:32:44,eltwise_mul_8_cols_2_channels_8192_tile_1024,5/5,206.14000000000001,189.3,163.8,266.1,47.03140440173991,0.24816374,0.2596454,0.1847298,0.3000851,0.05353596793948905,,,,,
dc66da77fcb62e0475e38850a6105819fb2f7df2,2026-03-25 19:32:44,gelu_1_cols_1_channels_1024_tile_1024,5/5,183.72,191.9,123.7,234.6,44.78484118538325,0.023513454,0.02134145,0.01745922,0.03310187,0.006350557547273309,,,,,
dc66da77fcb62e0475e38850a6105819fb2f7df2,2026-03-25 19:32:44,gelu_1_cols_1_channels_2048_tile_2048,5/5,176.62,184.3,127.3,212.2,32.37803267649225,0.047838504,0.04444986,0.03860645,0.06434408,0.010048054659501508,,,,,
dc66da77fcb62e0475e38850a6105819fb2f7df2,2026-03-25 19:32:44,gelu_1_cols_1_channels_4096_tile_4096,5/5,179.06,183.1,108.2,258.7,63.90033646233797,0.10218223,0.08947849,0.06333592,0.1513645,0.03820650424225436,,,,,
dc66da77fcb62e0475e38850a6105819fb2f7df2,2026-03-25 19:32:44,gelu_1_cols_1_channels_8192_tile_8192,5/5,208.64,203.4,171.7,268.0,36.80914288597332,0.160676,0.1611242,0.1222766,0.1908874,0.025780998512761298,,,,,
dc66da77fcb62e0475e38850a6105819fb2f7df2,2026-03-25 19:32:44,gelu_1_cols_2_channels_1024_tile_512,5/5,169.18,171.9,112.5,209.6,35.63112403503431,0.02528552,0.02382784,0.01954479,0.03639803,0.006491127693733192,,,,,
dc66da77fcb62e0475e38850a6105819fb2f7df2,2026-03-25 19:32:44,gelu_1_cols_2_channels_2048_tile_1024,5/5,159.18,157.6,99.2,202.9,40.00089998987523,0.054739728,0.05198145,0.04037572,0.08259552,0.016660285204601694,,,,,
dc66da77fcb62e0475e38850a6105819fb2f7df2,2026-03-25 19:32:44,gelu_1_cols_2_channels_4096_tile_2048,5/5,165.22,149.7,135.7,201.2,32.61099507834743,0.102178466,0.1094259,0.08142118,0.1207724,0.01913009926470012,,,,,
dc66da77fcb62e0475e38850a6105819fb2f7df2,2026-03-25 19:32:44,gelu_1_cols_2_channels_8192_tile_4096,5/5,209.2,189.3,126.6,289.0,66.11070261311704,0.17081042,0.1730969,0.1133985,0.2588304,0.05782407351317443,,,,,
dc66da77fcb62e0475e38850a6105819fb2f7df2,2026-03-25 19:32:44,gelu_2_cols_1_channels_1024_tile_512,5/5,180.92000000000002,169.3,149.0,267.5,49.42734061225629,0.023718746,0.024197,0.01531183,0.02748779,0.004972218417932784,,,,,
dc66da77fcb62e0475e38850a6105819fb2f7df2,2026-03-25 19:32:44,gelu_2_cols_1_channels_2048_tile_1024,5/5,183.3,182.9,156.6,204.6,19.882027059633536,0.045127188,0.04479757,0.04004632,0.05229793,0.005030873241965056,,,,,
dc66da77fcb62e0475e38850a6105819fb2f7df2,2026-03-25 19:32:44,gelu_2_cols_1_channels_4096_tile_2048,5/5,198.54,210.0,119.9,230.3,44.92997885599324,0.087498256,0.07800168,0.07113817,0.1366192,0.027643065424046768,,,,,
dc66da77fcb62e0475e38850a6105819fb2f7df2,2026-03-25 19:32:44,gelu_2_cols_1_channels_8192_tile_4096,5/5,199.28,188.8,140.7,265.4,48.455825243204764,0.17250418,0.173534,0.1234851,0.2329474,0.04227439666810161,,,,,
dc66da77fcb62e0475e38850a6105819fb2f7df2,2026-03-25 19:32:44,gelu_2_cols_2_channels_1024_tile_256,5/5,211.82,243.9,131.6,257.5,55.85738089097985,0.02071226,0.01679362,0.01590729,0.03112295,0.006590239225013004,,,,,
dc66da77fcb62e0475e38850a6105819fb2f7df2,2026-03-25 19:32:44,gelu_2_cols_2_channels_2048_tile_512,5/5,188.66,176.7,160.5,233.9,28.91484048027933,0.044188428,0.04636942,0.03502522,0.05105459,0.006238394032791612,,,,,
dc66da77fcb62e0475e38850a6105819fb2f7df2,2026-03-25 19:32:44,gelu_2_cols_2_channels_4096_tile_1024,5/5,197.32,200.3,128.7,253.7,52.79007482472439,0.088512798,0.0818089,0.06458597,0.1272583,0.02604226805106114,,,,,
dc66da77fcb62e0475e38850a6105819fb2f7df2,2026-03-25 19:32:44,gelu_2_cols_2_channels_8192_tile_2048,5/5,184.3,173.1,160.9,227.0,26.168779107937,0.1804134,0.1893099,0.1443686,0.2036133,0.023128127966828612,,,,,
dc66da77fcb62e0475e38850a6105819fb2f7df2,2026-03-25 19:32:44,gelu_4_cols_1_channels_1024_tile_256,5/5,207.9,207.2,161.2,265.1,38.09140322960026,0.02022668,0.0197697,0.01544952,0.02541401,0.0036379811064311484,,,,,
dc66da77fcb62e0475e38850a6105819fb2f7df2,2026-03-25 19:32:44,gelu_4_cols_1_channels_2048_tile_512,5/5,217.18,167.1,150.9,309.0,77.7824980313695,0.04150528,0.04901532,0.02651214,0.05428079,0.013266996707934695,,,,,
dc66da77fcb62e0475e38850a6105819fb2f7df2,2026-03-25 19:32:44,gelu_4_cols_1_channels_4096_tile_1024,5/5,182.3,181.0,177.1,191.2,5.877924803874235,0.089949802,0.0905395,0.08568513,0.0924892,0.002848399296406668,,,,,
dc66da77fcb62e0475e38850a6105819fb2f7df2,2026-03-25 19:32:44,gelu_4_cols_1_channels_8192_tile_2048,5/5,221.18,242.5,125.2,260.6,54.4723507845953,0.15944132,0.1351415,0.1257447,0.2617885,0.05743128361417668,,,,,
dc66da77fcb62e0475e38850a6105819fb2f7df2,2026-03-25 19:32:44,gelu_4_cols_2_channels_1024_tile_128,5/5,173.62,182.6,112.1,223.9,48.999969387745544,0.025350254,0.02242803,0.01829592,0.03655291,0.007887393893880918,,,,,
dc66da77fcb62e0475e38850a6105819fb2f7df2,2026-03-25 19:32:44,gelu_4_cols_2_channels_2048_tile_256,5/5,197.73999999999998,200.5,140.7,237.2,37.44626817187529,0.042827614,0.04085581,0.0345324,0.05823684,0.00934952946233285,,,,,
dc66da77fcb62e0475e38850a6105819fb2f7df2,2026-03-25 19:32:44,gelu_4_cols_2_channels_4096_tile_512,5/5,192.74,205.3,134.9,244.6,47.055743538913504,0.089561852,0.07981356,0.06697805,0.1214125,0.023525910924813733,,,,,
dc66da77fcb62e0475e38850a6105819fb2f7df2,2026-03-25 19:32:44,gelu_4_cols_2_channels_8192_tile_1024,5/5,210.04,206.2,193.8,231.3,16.32920696176027,0.15674672,0.158889,0.1416896,0.1690516,0.011966184844469013,,,,,
dc66da77fcb62e0475e38850a6105819fb2f7df2,2026-03-25 19:32:44,gelu_8_cols_1_channels_1024_tile_128,5/5,214.62,240.3,144.5,276.8,56.16633333234421,0.02029556,0.01704352,0.01479748,0.02834962,0.005837817010368687,,,,,
dc66da77fcb62e0475e38850a6105819fb2f7df2,2026-03-25 19:32:44,gelu_8_cols_1_channels_2048_tile_256,5/5,189.57999999999998,191.7,170.2,203.4,13.72687145710923,0.043395926,0.04273599,0.04028105,0.04812288,0.003235012020461438,,,,,
dc66da77fcb62e0475e38850a6105819fb2f7df2,2026-03-25 19:32:44,gelu_8_cols_1_channels_4096_tile_512,5/5,190.28,198.8,148.5,251.5,42.625250732400396,0.089540916,0.08239745,0.06513694,0.1103041,0.019472654848241164,,,,,
dc66da77fcb62e0475e38850a6105819fb2f7df2,2026-03-25 19:32:44,gelu_8_cols_1_channels_8192_tile_1024,5/5,212.68,210.8,158.3,259.9,39.0938230414985,0.15862502,0.1554739,0.1260908,0.2069864,0.03130641595307581,,,,,
dc66da77fcb62e0475e38850a6105819fb2f7df2,2026-03-25 19:32:44,gelu_8_cols_2_channels_1024_tile_64,5/5,208.22,194.8,183.3,242.2,25.737851503184945,0.019902998,0.02102799,0.01690932,0.02234053,0.002359431427053985,,,,,
dc66da77fcb62e0475e38850a6105819fb2f7df2,2026-03-25 19:32:44,gelu_8_cols_2_channels_2048_tile_128,5/5,240.8,209.3,181.9,386.2,83.67427920215387,0.03659203,0.0391341,0.02120972,0.04503242,0.009400232914992052,,,,,
dc66da77fcb62e0475e38850a6105819fb2f7df2,2026-03-25 19:32:44,gelu_8_cols_2_channels_4096_tile_256,5/5,255.29999999999998,257.5,203.6,305.2,42.62434750233721,0.065668158,0.06362915,0.05368709,0.08046777,0.011232971988221548,,,,,
dc66da77fcb62e0475e38850a6105819fb2f7df2,2026-03-25 19:32:44,gelu_8_cols_2_channels_8192_tile_512,5/5,242.04,244.1,166.9,286.6,49.484522832902,0.1408099,0.1342177,0.1143419,0.1963414,0.03364156676293481,,,,,
dc66da77fcb62e0475e38850a6105819fb2f7df2,2026-03-25 19:32:44,gemm_1792x896x1152_64x32x48_8cols_ccolmaj,5/5,2482.66,2622.4,1871.1,2873.4,403.764204703686,3.8800422,3.586233,3.272899,5.026119,0.7116914555793823,1526.2762,1410.702,1287.447,1977.103,279.9547071718924
dc66da77fcb62e0475e38850a6105819fb2f7df2,2026-03-25 19:32:44,gemm_192x384x64_48x96x16_4cols,5/5,325.3,278.7,211.0,451.6,106.80683498727974,0.7407577,0.7935953,0.4898168,1.048263,0.23549517207650988,31.605666,33.86007,20.89885,44.7259,10.047797679612684
dc66da77fcb62e0475e38850a6105819fb2f7df2,2026-03-25 19:32:44,gemm_192x384x64_48x96x16_4cols_bcolmaj_ccolmaj,5/5,307.15999999999997,229.6,193.6,462.5,125.05827841450561,0.81566206,0.9633572,0.4782025,1.142504,0.2964913067634665,34.801578,41.10324,20.40331,48.74682,12.650289352995843
dc66da77fcb62e0475e38850a6105819fb2f7df2,2026-03-25 19:32:44,gemm_2048x2048x2048_128x32x32_8cols_bcolmaj,5/5,8774.04,8933.1,8073.3,9429.7,524.7636401276295,2.8765354,2.817154,2.668785,3.117155,0.17413140986421716,1963.715,1923.177,1821.891,2127.978,118.87369146913879
dc66da77fcb62e0475e38850a6105819fb2f7df2,2026-03-25 19:32:44,gemm_2048x2048x2048_32x32x128_8cols,5/5,7411.28,7497.1,7147.3,7585.5,193.50742104632582,3.3974805999999997,3.356754,3.317611,3.521019,0.08971610532841919,2319.3469999999998,2291.544,2264.823,2403.683,61.24643271652652
dc66da77fcb62e0475e38850a6105819fb2f7df2,2026-03-25 19:32:44,gemm_2048x2048x2048_64x64x64_1cols,5/5,49338.68,49338.8,49230.8,49440.9,74.73651717868533,0.51006376,0.5100614,0.5090086,0.5111803,0.0007725716620482536,348.20354000000003,348.2019,347.4832,348.9658,0.5274290170250376
dc66da77fcb62e0475e38850a6105819fb2f7df2,2026-03-25 19:32:44,gemm_2048x2048x2048_64x64x64_2cols_bcolmaj,5/5,28830.04,28729.7,28686.5,29036.3,171.27953176021924,0.8729271,0.8759522,0.8667027,0.8772699,0.005174701989970053,595.91822,597.9834,591.669,598.8829,3.5326168440689694
dc66da77fcb62e0475e38850a6105819fb2f7df2,2026-03-25 19:32:44,gemm_2048x2048x2048_64x64x64_8cols_bcolmaj_ccolmaj,5/5,7397.76,7386.0,6933.0,7732.6,320.73586173049,3.4070322,3.407247,3.254497,3.629874,0.15027859599656893,2325.8674,2326.014,2221.737,2477.994,102.59017833983918
dc66da77fcb62e0475e38850a6105819fb2f7df2,2026-03-25 19:32:44,gemm_2048x2048x2048_8x16x32_2cols_ccolmaj,5/5,117980.3,118142.1,117305.5,118509.1,515.057331760265,0.21330858,0.2130131,0.2123536,0.2145323,0.0009324113132089292,145.61866,145.417,144.9667,146.4541,0.6365367727005306
dc66da77fcb62e0475e38850a6105819fb2f7df2,2026-03-25 19:32:44,gemm_2048x2048x8192_64x64x64_2cols,5/5,97853.56,97792.1,97737.1,98001.5,115.97921365486046,0.77153608,0.7720198,0.7703707,0.7724548,0.0009140460529973391,702.2693,702.7096,701.2086,703.1055,0.8319678238970463
dc66da77fcb62e0475e38850a6105819fb2f7df2,2026-03-25 19:32:44,gemm_2048x2048x8192_64x64x64_2cols_bcolmaj,5/5,109697.54000000001,109666.1,109398.1,110142.5,287.3881921721883,0.6882368600000001,0.6884303,0.6854529,0.6901167,0.0018002056515853996,626.44848,626.6246,623.9144,628.1595,1.6385914399263681
dc66da77fcb62e0475e38850a6105819fb2f7df2,2026-03-25 19:32:44,gemm_2048x2048x8192_64x64x64_2cols_ccolmaj,5/5,102846.02,102809.0,102762.0,102931.5,78.40049106988954,0.73408306,0.7343473,0.733473,0.7346829,0.0005596771685534377,668.17872,668.4192,667.6234,668.7247,0.5094226506546442
dc66da77fcb62e0475e38850a6105819fb2f7df2,2026-03-25 19:32:44,gemm_2048x64x2048_64x64x64_2cols,5/5,1304.18,1306.8,1186.1,1489.6,118.02299352244883,6.8768594,6.820543,5.983258,7.51425,0.5934125299256832,414.22966,410.8374,360.4033,452.6231,35.744393098260886
dc66da77fcb62e0475e38850a6105819fb2f7df2,2026-03-25 19:32:44,gemm_2048x64x2048_64x64x64_2cols_bcolmaj,5/5,1400.72,1379.5,1331.3,1537.1,79.00969560756451,6.3784344,6.461009,5.798572,6.694734,0.339372839858024,384.20686,389.1807,349.2787,403.2593,20.44221954786221
dc66da77fcb62e0475e38850a6105819fb2f7df2,2026-03-25 19:32:44,gemm_2048x64x2048_64x64x64_2cols_ccolmaj,5/5,1485.66,1355.4,1319.6,1921.2,252.82416419321947,6.1188278,6.575795,4.63929,6.754001,0.8817370147343822,368.56940000000003,396.095,279.449,406.8292,53.111691215964875
dc66da77fcb62e0475e38850a6105819fb2f7df2,2026-03-25 19:32:44,gemm_2048x64x8192_64x64x64_2cols,5/5,4525.26,4509.4,4475.8,4598.6,50.56617446475477,7.7052946,7.731577,7.581659,7.789647,0.0856432777910796,474.5998,476.2186,466.9846,479.7954,5.275110751917913
dc66da77fcb62e0475e38850a6105819fb2f7df2,2026-03-25 19:32:44,gemm_2048x64x8192_64x64x64_2cols_bcolmaj,5/5,4757.92,4808.2,4472.7,4871.4,161.55084957993878,7.3348654,7.251205,7.157158,7.795045,0.26014316157319994,451.7836,446.6306,440.8379,480.1279,16.023255605369346
dc66da77fcb62e0475e38850a6105819fb2f7df2,2026-03-25 19:32:44,gemm_2048x64x8192_64x64x64_2cols_ccolmaj,5/5,4639.64,4620.1,4405.7,4956.0,198.5263408215646,7.5254128,7.546447,7.034928,7.91358,0.31475780072732107,463.52014,464.8157,433.3092,487.4289,19.38719837400444
dc66da77fcb62e0475e38850a6105819fb2f7df2,2026-03-25 19:32:44,gemm_2048x8192x2048_64x64x64_2cols,5/5,97138.22,97040.9,96997.3,97566.1,240.1023781639848,0.7772207799999999,0.7779965,0.7738082,0.7783464,0.0019150440078494516,707.4436400000001,708.1497,704.3374,708.4682,1.7431346227414708
dc66da77fcb62e0475e38850a6105819fb2f7df2,2026-03-25 19:32:44,gemm_2048x8192x2048_64x64x64_2cols_bcolmaj,5/5,108261.98,108365.5,107534.2,108691.5,437.90681314636066,0.6973682999999999,0.6966926,0.6946036,0.7020789,0.0028309368493486284,634.7601,634.1451,632.2436,639.0478,2.5767873767542646
dc66da77fcb62e0475e38850a6105819fb2f7df2,2026-03-25 19:32:44,gemm_2048x8192x2048_64x64x64_2cols_ccolmaj,5/5,102120.3,102114.7,102098.0,102159.7,23.840826327959167,0.73929938,0.7393401,0.739014,0.7394609,0.00017272662504664896,672.92672,672.9638,672.6669,673.0738,0.15725786784766485
dc66da77fcb62e0475e38850a6105819fb2f7df2,2026-03-25 19:32:44,gemm_384x1536x1792_32x48x64_4cols_bcolmaj,5/5,2292.92,2310.0,2072.1,2549.9,189.41624006404527,3.5347146,3.489522,3.161289,3.890229,0.2901616090324495,926.9574,915.106,829.0287,1020.189,76.09320168743724
dc66da77fcb62e0475e38850a6105819fb2f7df2,2026-03-25 19:32:44,gemm_896x1792x640_32x64x80_8cols_ccolmaj,5/5,1637.7,1522.3,1333.7,2075.9,297.7043835753851,4.1640136000000005,4.369633,3.204331,4.987506,0.7084725933928567,1286.53654,1350.066,990.0277,1540.967,218.8936583997079
dc66da77fcb62e0475e38850a6105819fb2f7df2,2026-03-25 19:32:44,layer_norm_1_cols_1_channels_1024_tile_1024,5/5,158.74,153.3,121.8,191.7,30.699723125787305,0.02660451,0.0267183,0.021368,0.0336201,0.005221162340868171,,,,,
dc66da77fcb62e0475e38850a6105819fb2f7df2,2026-03-25 19:32:44,layer_norm_1_cols_1_channels_2048_tile_2048,5/5,178.26,183.8,122.1,215.8,38.21338770640468,0.047968574,0.04456516,0.03796656,0.06710886,0.011869213898143383,,,,,
dc66da77fcb62e0475e38850a6105819fb2f7df2,2026-03-25 19:32:44,layer_norm_1_cols_1_channels_4096_tile_4096,5/5,193.35999999999999,177.6,149.7,272.3,51.8204399826941,0.089251404,0.09224091,0.06017467,0.1094259,0.021360421218333456,,,,,
dc66da77fcb62e0475e38850a6105819fb2f7df2,2026-03-25 19:32:44,layer_norm_1_cols_1_channels_8192_tile_8192,5/5,210.44,201.5,189.3,242.7,23.414482697680935,0.15721358000000002,0.1626496,0.1350088,0.1730969,0.016795835548492365,,,,,
dc66da77fcb62e0475e38850a6105819fb2f7df2,2026-03-25 19:32:44,layer_norm_1_cols_2_channels_1024_tile_512,5/5,171.32,174.0,118.5,215.1,36.25923330684199,0.024899154,0.02353407,0.01904642,0.03456714,0.005963698300927036,,,,,
dc66da77fcb62e0475e38850a6105819fb2f7df2,2026-03-25 19:32:44,layer_norm_1_cols_2_channels_2048_tile_1024,5/5,190.74,188.6,160.0,214.8,22.995173406608615,0.043469554,0.04343835,0.03813511,0.05120676,0.00540637013439054,,,,,
dc66da77fcb62e0475e38850a6105819fb2f7df2,2026-03-25 19:32:44,layer_norm_1_cols_2_channels_4096_tile_2048,5/5,187.78,174.3,147.8,225.1,34.52009559662313,0.089639926,0.09400749,0.07279606,0.1108379,0.016338799292078657,,,,,
dc66da77fcb62e0475e38850a6105819fb2f7df2,2026-03-25 19:32:44,layer_norm_1_cols_2_channels_8192_tile_4096,5/5,188.22,179.1,154.0,232.9,32.91089485261682,0.17827722,0.1830079,0.1406745,0.2127538,0.029976482989453577,,,,,
dc66da77fcb62e0475e38850a6105819fb2f7df2,2026-03-25 19:32:44,layer_norm_2_cols_1_channels_1024_tile_512,5/5,181.48,170.2,146.6,223.2,32.58169731613133,0.02314333,0.02406144,0.01835456,0.02793475,0.004020698597109712,,,,,
dc66da77fcb62e0475e38850a6105819fb2f7df2,2026-03-25 19:32:44,layer_norm_2_cols_1_channels_2048_tile_1024,5/5,176.14000000000001,174.5,171.4,184.1,5.32850823401822,0.046540768,0.04693953,0.04450743,0.04778823,0.0013804272743321167,,,,,
dc66da77fcb62e0475e38850a6105819fb2f7df2,2026-03-25 19:32:44,layer_norm_2_cols_1_channels_4096_tile_2048,5/5,168.04,173.6,119.0,209.8,36.58036358485246,0.101650032,0.09439489,0.07809031,0.1377144,0.024107176817042882,,,,,
dc66da77fcb62e0475e38850a6105819fb2f7df2,2026-03-25 19:32:44,layer_norm_2_cols_1_channels_8192_tile_4096,5/5,185.44,177.4,144.5,223.6,32.926326852535496,0.18132076,0.1847298,0.1465234,0.226797,0.03275265848741137,,,,,
dc66da77fcb62e0475e38850a6105819fb2f7df2,2026-03-25 19:32:44,layer_norm_2_cols_2_channels_1024_tile_256,5/5,201.18,199.6,169.5,222.4,20.74227567071656,0.020545938,0.02052553,0.01841358,0.02416297,0.002261090480071507,,,,,
dc66da77fcb62e0475e38850a6105819fb2f7df2,2026-03-25 19:32:44,layer_norm_2_cols_2_channels_2048_tile_512,5/5,189.84,184.3,143.3,227.0,34.788043923164174,0.044400182,0.04444986,0.03609216,0.05717095,0.008583341865615046,,,,,
dc66da77fcb62e0475e38850a6105819fb2f7df2,2026-03-25 19:32:44,layer_norm_2_cols_2_channels_4096_tile_1024,5/5,181.64000000000001,174.8,143.3,230.6,34.727841856354964,0.092802574,0.09375099,0.07106461,0.1143419,0.01714434827025892,,,,,
dc66da77fcb62e0475e38850a6105819fb2f7df2,2026-03-25 19:32:44,layer_norm_2_cols_2_channels_8192_tile_2048,5/5,189.06,196.0,153.5,211.0,21.860763939075873,0.1753942,0.1672007,0.1552983,0.2134145,0.022577494613884863,,,,,
dc66da77fcb62e0475e38850a6105819fb2f7df2,2026-03-25 19:32:44,layer_norm_4_cols_1_channels_1024_tile_256,5/5,151.74,154.0,103.5,190.3,31.50338077095854,0.028108432,0.02659422,0.02152866,0.03958495,0.006829951623479481,,,,,
dc66da77fcb62e0475e38850a6105819fb2f7df2,2026-03-25 19:32:44,layer_norm_4_cols_1_channels_2048_tile_512,5/5,207.0,171.7,144.7,294.2,70.01146334708339,0.043143139999999996,0.04772186,0.0278442,0.05660583,0.013271031109418364,,,,,
dc66da77fcb62e0475e38850a6105819fb2f7df2,2026-03-25 19:32:44,layer_norm_4_cols_1_channels_4096_tile_1024,5/5,184.76,180.2,138.8,248.4,39.786781724587875,0.091793958,0.09089878,0.06594959,0.1180747,0.01854895355862481,,,,,
dc66da77fcb62e0475e38850a6105819fb2f7df2,2026-03-25 19:32:44,layer_norm_4_cols_1_channels_8192_tile_2048,5/5,200.06,221.0,152.8,237.7,38.00438132636814,0.16899824,0.1482621,0.1378525,0.2144133,0.034486992505696985,,,,,
dc66da77fcb62e0475e38850a6105819fb2f7df2,2026-03-25 19:32:44,layer_norm_4_cols_2_channels_1024_tile_128,5/5,218.85999999999999,163.6,154.5,397.4,103.16536725083665,0.021239446,0.02504354,0.01030586,0.02651214,0.006849699500786878,,,,,
dc66da77fcb62e0475e38850a6105819fb2f7df2,2026-03-25 19:32:44,layer_norm_4_cols_2_channels_2048_tile_256,5/5,201.32,217.2,107.0,255.8,57.875141468509604,0.044787354,0.03771651,0.03202212,0.07652503,0.018193481858999116,,,,,
dc66da77fcb62e0475e38850a6105819fb2f7df2,2026-03-25 19:32:44,layer_norm_4_cols_2_channels_4096_tile_512,5/5,250.18,215.1,164.7,389.3,89.70279817263228,0.071747904,0.07618567,0.04208174,0.09944932,0.02249222569774343,,,,,
dc66da77fcb62e0475e38850a6105819fb2f7df2,2026-03-25 19:32:44,layer_norm_4_cols_2_channels_8192_tile_1024,5/5,217.42,216.7,169.8,251.1,30.599950980352887,0.1534161,0.151198,0.1305213,0.1930322,0.02399624208006328,,,,,
dc66da77fcb62e0475e38850a6105819fb2f7df2,2026-03-25 19:32:44,layer_norm_8_cols_1_channels_1024_tile_128,5/5,217.88,220.1,160.5,307.1,60.91134541282109,0.019967538,0.01861308,0.01333841,0.02552729,0.005315156892121813,,,,,
dc66da77fcb62e0475e38850a6105819fb2f7df2,2026-03-25 19:32:44,layer_norm_8_cols_1_channels_2048_tile_256,5/5,207.32,197.2,184.5,235.1,25.394330075825984,0.039976904,0.04154745,0.0348476,0.04439243,0.004748912631959024,,,,,
dc66da77fcb62e0475e38850a6105819fb2f7df2,2026-03-25 19:32:44,layer_norm_8_cols_1_channels_4096_tile_512,5/5,223.86,225.1,163.3,281.3,42.654694935024445,0.07550886799999999,0.07279606,0.05823684,0.1003204,0.015535735444771196,,,,,
dc66da77fcb62e0475e38850a6105819fb2f7df2,2026-03-25 19:32:44,layer_norm_8_cols_1_channels_8192_tile_1024,5/5,190.5,189.8,159.0,228.6,30.238055493037248,0.17551318,0.172662,0.1433149,0.2060554,0.02766446660279211,,,,,
dc66da77fcb62e0475e38850a6105819fb2f7df2,2026-03-25 19:32:44,layer_norm_8_cols_2_channels_1024_tile_64,5/5,262.76,232.5,193.6,416.8,88.08928992789079,0.01668771,0.01762038,0.0098283,0.02115747,0.004171888728351944,,,,,
dc66da77fcb62e0475e38850a6105819fb2f7df2,2026-03-25 19:32:44,layer_norm_8_cols_2_channels_2048_tile_128,5/5,249.32000000000002,272.0,156.6,347.6,75.02450932861875,0.03556176,0.03011371,0.02356635,0.05229793,0.011531373811953197,,,,,
dc66da77fcb62e0475e38850a6105819fb2f7df2,2026-03-25 19:32:44,layer_norm_8_cols_2_channels_4096_tile_256,5/5,232.94,229.8,204.6,271.3,25.315765838702184,0.070981382,0.07128576,0.06038618,0.08009263,0.00743324743177368,,,,,
dc66da77fcb62e0475e38850a6105819fb2f7df2,2026-03-25 19:32:44,layer_norm_8_cols_2_channels_8192_tile_512,5/5,218.92,227.5,181.2,248.4,26.516730567700087,0.1515594,0.144066,0.1318992,0.1808407,0.01944562513176164,,,,,
dc66da77fcb62e0475e38850a6105819fb2f7df2,2026-03-25 19:32:44,matrix_vector_mul_128x128_32tsi_128tso_1col,5/5,,,,,,0.21500924,0.2326441,0.1575468,0.2653735,0.04313018087868401,0.21170136,0.2290649,0.155123,0.2612908,0.042466624975773616
dc66da77fcb62e0475e38850a6105819fb2f7df2,2026-03-25 19:32:44,matrix_vector_mul_2048x8192_1tsi_1024tso_2col,5/5,,,,,,24.064366,24.0149,23.65587,24.55508,0.32563135503203633,24.049686,24.00025,23.64144,24.5401,0.32543223208526834
dc66da77fcb62e0475e38850a6105819fb2f7df2,2026-03-25 19:32:44,matrix_vector_mul_2048x8192_1tsi_2048tso_1col,5/5,,,,,,12.86809,13.12549,12.04339,13.32545,0.5127575153520422,12.860242,13.11748,12.03605,13.31732,0.5124414218913225
dc66da77fcb62e0475e38850a6105819fb2f7df2,2026-03-25 19:32:44,matrix_vector_mul_2048x8192_1tsi_256tso_8col,5/5,,,,,,39.273082,40.94894,26.40604,45.73673,7.563221062891789,39.249124,40.92396,26.38993,45.70883,7.558608079050004
dc66da77fcb62e0475e38850a6105819fb2f7df2,2026-03-25 19:32:44,matrix_vector_mul_2048x8192_1tsi_512tso_4col,5/5,,,,,,37.718978,39.04169,31.23162,40.94894,3.756342061776324,37.695972,39.01788,31.21257,40.92396,3.7540509218269804
dc66da77fcb62e0475e38850a6105819fb2f7df2,2026-03-25 19:32:44,matrix_vector_mul_8192x2048_4tsi_1024tso_1col,5/5,,,,,,12.653509999999999,13.01029,11.93317,13.14632,0.5910596757942462,12.645794,13.00235,11.9259,13.1383,0.5906953695687817
dc66da77fcb62e0475e38850a6105819fb2f7df2,2026-03-25 19:32:44,matrix_vector_mul_8192x2048_4tsi_1024tso_2col,5/5,,,,,,23.518826,23.65587,22.6295,24.16324,0.6514743751906127,23.50448,23.64144,22.6157,24.14851,0.6510776536251267
dc66da77fcb62e0475e38850a6105819fb2f7df2,2026-03-25 19:32:44,matrix_vector_mul_8192x2048_4tsi_1024tso_4col,5/5,,,,,,36.6136,38.05009,30.7878,38.99845,3.355583895851808,36.591268,38.02688,30.76902,38.97466,3.353537396372672
dc66da77fcb62e0475e38850a6105819fb2f7df2,2026-03-25 19:32:44,matrix_vector_mul_8192x2048_4tsi_1024tso_8col,5/5,,,,,,40.585513999999996,41.14034,37.61308,43.25043,2.693601499197683,40.560756,41.11525,37.59014,43.22404,2.6919582011855256
dc66da77fcb62e0475e38850a6105819fb2f7df2,2026-03-25 19:32:44,mem_copy_16_cores_2_chans_1024_tile_64_False,5/5,205.84,224.8,155.7,230.8,33.26970093042618,0.020377872,0.01821831,0.0177478,0.02630914,0.003728059977732386,,,,,
dc66da77fcb62e0475e38850a6105819fb2f7df2,2026-03-25 19:32:44,mem_copy_16_cores_2_chans_1024_tile_64_True,5/5,195.56,198.8,132.1,241.8,40.18635340510507,0.021818354,0.02059936,0.01694267,0.03101059,0.005394917985320074,,,,,
dc66da77fcb62e0475e38850a6105819fb2f7df2,2026-03-25 19:32:44,mem_copy_16_cores_2_chans_2048_tile_128_False,5/5,249.92,228.9,195.7,335.7,54.61924569233815,0.033933222,0.03579139,0.02440322,0.04185108,0.006684216429019186,,,,,
dc66da77fcb62e0475e38850a6105819fb2f7df2,2026-03-25 19:32:44,mem_copy_16_cores_2_chans_2048_tile_128_True,5/5,221.2,207.9,158.8,274.9,50.43872520197154,0.038671211999999996,0.03940337,0.02980029,0.0515912,0.009088622196203338,,,,,
dc66da77fcb62e0475e38850a6105819fb2f7df2,2026-03-25 19:32:44,mem_copy_16_cores_2_chans_4096_tile_256_False,5/5,250.28,235.3,165.2,321.6,63.73999529337919,0.069304174,0.0696246,0.05094105,0.0991623,0.019281860550126637,,,,,
dc66da77fcb62e0475e38850a6105819fb2f7df2,2026-03-25 19:32:44,mem_copy_16_cores_2_chans_4096_tile_256_True,5/5,217.12,223.2,195.0,225.1,12.710507464298974,0.075688364,0.07341824,0.07279606,0.08400914,0.004754639705680126,,,,,
dc66da77fcb62e0475e38850a6105819fb2f7df2,2026-03-25 19:32:44,mem_copy_16_cores_2_chans_8192_tile_512_False,5/5,222.32,235.1,181.7,254.9,29.954665746758057,0.14969368,0.1393904,0.1285678,0.1803661,0.02132901626393022,,,,,
dc66da77fcb62e0475e38850a6105819fb2f7df2,2026-03-25 19:32:44,mem_copy_16_cores_2_chans_8192_tile_512_True,5/5,227.28,222.0,187.2,268.9,31.103167041315903,0.14638768,0.1476251,0.121843,0.1750815,0.02022744314321511,,,,,
dc66da77fcb62e0475e38850a6105819fb2f7df2,2026-03-25 19:32:44,mem_copy_1_cores_1_chans_1024_tile_1024_False,5/5,172.26,184.8,129.5,199.6,28.529423408123762,0.024381074,0.02216757,0.02052553,0.0316388,0.004551400433913721,,,,,
dc66da77fcb62e0475e38850a6105819fb2f7df2,2026-03-25 19:32:44,mem_copy_1_cores_1_chans_1024_tile_1024_True,5/5,170.79999999999998,171.9,155.2,185.7,13.562632487832145,0.024103046,0.02382784,0.02205375,0.02638997,0.0019269893091893367,,,,,
dc66da77fcb62e0475e38850a6105819fb2f7df2,2026-03-25 19:32:44,mem_copy_1_cores_1_chans_2048_tile_2048_False,5/5,170.68,165.5,148.1,202.4,20.268004341819154,0.04851962,0.04950971,0.04047083,0.05532969,0.0054738144882156906,,,,,
dc66da77fcb62e0475e38850a6105819fb2f7df2,2026-03-25 19:32:44,mem_copy_1_cores_1_chans_2048_tile_2048_True,5/5,190.06,180.0,166.4,233.9,26.121695963317546,0.043688134,0.04550959,0.03502522,0.04922599,0.005370587702424194,,,,,
dc66da77fcb62e0475e38850a6105819fb2f7df2,2026-03-25 19:32:44,mem_copy_1_cores_1_chans_4096_tile_4096_False,5/5,175.18,167.1,149.5,216.2,27.612261769003997,0.095286246,0.09803064,0.07576569,0.1096004,0.014061782849741352,,,,,
dc66da77fcb62e0475e38850a6105819fb2f7df2,2026-03-25 19:32:44,mem_copy_1_cores_1_chans_4096_tile_4096_True,5/5,207.52,232.7,134.9,244.9,47.457054270150394,0.083153914,0.0704093,0.06691283,0.1214125,0.023228085340804137,,,,,
dc66da77fcb62e0475e38850a6105819fb2f7df2,2026-03-25 19:32:44,mem_copy_1_cores_1_chans_8192_tile_8192_False,5/5,170.28,160.7,114.7,233.4,46.03761505551738,0.20427408,0.2039154,0.1403871,0.2857359,0.056080193284144444,,,,,
dc66da77fcb62e0475e38850a6105819fb2f7df2,2026-03-25 19:32:44,mem_copy_1_cores_1_chans_8192_tile_8192_True,5/5,161.22,162.8,137.1,192.9,24.46460708860864,0.20702879999999999,0.2012283,0.1698875,0.2390243,0.031239457530021227,,,,,
dc66da77fcb62e0475e38850a6105819fb2f7df2,2026-03-25 19:32:44,mem_copy_2_cores_1_chans_1024_tile_512_False,5/5,163.9,165.0,153.1,174.8,9.118662182579198,0.025054866,0.0248264,0.02343775,0.02675992,0.0014006442183081328,,,,,
dc66da77fcb62e0475e38850a6105819fb2f7df2,2026-03-25 19:32:44,mem_copy_2_cores_1_chans_1024_tile_512_True,5/5,187.14000000000001,163.6,158.1,265.6,45.03618545125687,0.022717752,0.02504354,0.01542179,0.02591232,0.004317337318506627,,,,,
dc66da77fcb62e0475e38850a6105819fb2f7df2,2026-03-25 19:32:44,mem_copy_2_cores_1_chans_2048_tile_1024_False,5/5,172.6,169.0,143.5,212.7,29.27575788942106,0.048531966,0.04846225,0.03851989,0.05707598,0.007964675216738595,,,,,
dc66da77fcb62e0475e38850a6105819fb2f7df2,2026-03-25 19:32:44,mem_copy_2_cores_1_chans_2048_tile_1024_True,5/5,167.35999999999999,163.1,137.6,203.1,25.625436581646763,0.049857266000000004,0.05023354,0.04032833,0.05954894,0.007489822691922019,,,,,
dc66da77fcb62e0475e38850a6105819fb2f7df2,2026-03-25 19:32:44,mem_copy_2_cores_1_chans_4096_tile_2048_False,5/5,184.68,184.5,137.8,241.3,41.20348286249598,0.092317352,0.08878485,0.06790462,0.1188918,0.020453220477748,,,,,
dc66da77fcb62e0475e38850a6105819fb2f7df2,2026-03-25 19:32:44,mem_copy_2_cores_1_chans_4096_tile_2048_True,5/5,156.14,150.7,115.9,205.5,40.05512451609656,0.11063745,0.1087333,0.07972097,0.1413981,0.027955651031548165,,,,,
dc66da77fcb62e0475e38850a6105819fb2f7df2,2026-03-25 19:32:44,mem_copy_2_cores_1_chans_8192_tile_4096_False,5/5,166.58,145.0,133.8,228.4,39.22425270161307,0.20456944,0.2260509,0.1434645,0.2449892,0.04192572646362851,,,,,
dc66da77fcb62e0475e38850a6105819fb2f7df2,2026-03-25 19:32:44,mem_copy_2_cores_1_chans_8192_tile_4096_True,5/5,162.32,150.0,136.6,203.8,27.858068849078542,0.20635298,0.2185039,0.1607473,0.2398586,0.03272260831668221,,,,,
dc66da77fcb62e0475e38850a6105819fb2f7df2,2026-03-25 19:32:44,mem_copy_2_cores_2_chans_1024_tile_512_False,5/5,157.2,165.2,137.8,169.5,13.949014302093174,0.02622674,0.02479058,0.02416297,0.02972296,0.002437499864666663,,,,,
dc66da77fcb62e0475e38850a6105819fb2f7df2,2026-03-25 19:32:44,mem_copy_2_cores_2_chans_1024_tile_512_True,5/5,178.28,149.7,116.6,278.2,63.367396979834986,0.025115308000000003,0.02735648,0.0147214,0.03513266,0.007788079270135867,,,,,
dc66da77fcb62e0475e38850a6105819fb2f7df2,2026-03-25 19:32:44,mem_copy_2_cores_2_chans_2048_tile_1024_False,5/5,178.56,206.9,95.6,236.7,58.85268048271038,0.051373827999999996,0.03958495,0.03460195,0.08568513,0.021351970665573705,,,,,
dc66da77fcb62e0475e38850a6105819fb2f7df2,2026-03-25 19:32:44,mem_copy_2_cores_2_chans_2048_tile_1024_True,5/5,194.7,186.7,161.6,245.1,31.32658615297875,0.042884906,0.04388217,0.03342387,0.05067808,0.006341816174687658,,,,,
dc66da77fcb62e0475e38850a6105819fb2f7df2,2026-03-25 19:32:44,mem_copy_2_cores_2_chans_4096_tile_2048_False,5/5,172.98,168.1,108.2,255.6,55.20033514391013,0.102706904,0.09747444,0.06410399,0.1513645,0.03271368606762971,,,,,
dc66da77fcb62e0475e38850a6105819fb2f7df2,2026-03-25 19:32:44,mem_copy_2_cores_2_chans_4096_tile_2048_True,5/5,164.44,176.2,121.1,186.4,27.11075432369967,0.102212604,0.09298982,0.08787657,0.1352746,0.019748520625607124,,,,,
dc66da77fcb62e0475e38850a6105819fb2f7df2,2026-03-25 19:32:44,mem_copy_2_cores_2_chans_8192_tile_4096_False,5/5,187.52,200.3,160.9,205.5,21.66361004080345,0.17669632,0.1636178,0.1594419,0.2036133,0.021346312308031093,,,,,
dc66da77fcb62e0475e38850a6105819fb2f7df2,2026-03-25 19:32:44,mem_copy_2_cores_2_chans_8192_tile_4096_True,5/5,159.88,168.8,118.5,176.9,24.32266432774173,0.20960808,0.1941228,0.1852277,0.2765371,0.03842059393869386,,,,,
dc66da77fcb62e0475e38850a6105819fb2f7df2,2026-03-25 19:32:44,mem_copy_4_cores_1_chans_1024_tile_256_False,5/5,166.48,177.9,124.5,193.8,30.38580260582235,0.02534608,0.02302932,0.02113145,0.03291163,0.005093247723005429,,,,,
dc66da77fcb62e0475e38850a6105819fb2f7df2,2026-03-25 19:32:44,mem_copy_4_cores_1_chans_1024_tile_256_True,5/5,235.3,224.8,133.3,402.9,105.0749970259338,0.020095618,0.01821831,0.0101656,0.03073322,0.007999824650623287,,,,,
dc66da77fcb62e0475e38850a6105819fb2f7df2,2026-03-25 19:32:44,mem_copy_4_cores_1_chans_2048_tile_512_False,5/5,158.9,158.8,121.4,213.4,38.160581756571794,0.05392326,0.0515912,0.03839077,0.0675044,0.012460799566073199,,,,,
dc66da77fcb62e0475e38850a6105819fb2f7df2,2026-03-25 19:32:44,mem_copy_4_cores_1_chans_2048_tile_512_True,5/5,170.84,162.1,129.2,234.6,39.623641932563444,0.049847196,0.05052903,0.03491843,0.06339435,0.010445156972433685,,,,,
dc66da77fcb62e0475e38850a6105819fb2f7df2,2026-03-25 19:32:44,mem_copy_4_cores_1_chans_4096_tile_1024_False,5/5,179.12,162.4,131.4,221.0,39.33722155923064,0.095164632,0.1009097,0.07413104,0.1247177,0.02119951204124095,,,,,
dc66da77fcb62e0475e38850a6105819fb2f7df2,2026-03-25 19:32:44,mem_copy_4_cores_1_chans_4096_tile_1024_True,5/5,203.08,208.4,150.9,258.0,39.575459567767496,0.08325395199999999,0.0786264,0.06351153,0.1085616,0.016827190648470408,,,,,
dc66da77fcb62e0475e38850a6105819fb2f7df2,2026-03-25 19:32:44,mem_copy_4_cores_1_chans_8192_tile_2048_False,5/5,170.85999999999999,160.5,145.7,215.1,28.193846846430873,0.19564656,0.2042184,0.1523713,0.224941,0.02936407999023638,,,,,
dc66da77fcb62e0475e38850a6105819fb2f7df2,2026-03-25 19:32:44,mem_copy_4_cores_1_chans_8192_tile_2048_True,5/5,169.1,169.5,160.5,175.5,5.424020648928246,0.19395792,0.1933037,0.1867377,0.2042184,0.006363949055971452,,,,,
dc66da77fcb62e0475e38850a6105819fb2f7df2,2026-03-25 19:32:44,mem_copy_4_cores_2_chans_1024_tile_256_False,5/5,186.39999999999998,163.6,144.2,290.9,59.33856250365355,0.023350178,0.02504354,0.01408186,0.02839648,0.00545983857395253,,,,,
dc66da77fcb62e0475e38850a6105819fb2f7df2,2026-03-25 19:32:44,mem_copy_4_cores_2_chans_1024_tile_256_True,5/5,179.1,171.4,156.4,226.3,27.204595200076035,0.023237602,0.02389412,0.01810313,0.02618882,0.0030410762000679967,,,,,
dc66da77fcb62e0475e38850a6105819fb2f7df2,2026-03-25 19:32:44,mem_copy_4_cores_2_chans_2048_tile_512_False,5/5,185.16,181.0,121.6,261.5,59.81632720252891,0.048216088,0.04526975,0.03132155,0.06737204,0.015634837749547322,,,,,
dc66da77fcb62e0475e38850a6105819fb2f7df2,2026-03-25 19:32:44,mem_copy_4_cores_2_chans_2048_tile_512_True,5/5,160.6,153.1,123.0,211.5,32.36564536665382,0.052593184,0.05351984,0.03873702,0.06658864,0.010019784931845096,,,,,
dc66da77fcb62e0475e38850a6105819fb2f7df2,2026-03-25 19:32:44,mem_copy_4_cores_2_chans_4096_tile_1024_False,5/5,167.4,159.0,133.3,213.1,32.70114676888258,0.100784058,0.1030277,0.07686742,0.1229329,0.018826024170098155,,,,,
dc66da77fcb62e0475e38850a6105819fb2f7df2,2026-03-25 19:32:44,mem_copy_4_cores_2_chans_4096_tile_1024_True,5/5,185.1,191.2,155.4,215.8,25.446610776290033,0.08988787000000001,0.08568513,0.07593312,0.105398,0.012582588318950915,,,,,
dc66da77fcb62e0475e38850a6105819fb2f7df2,2026-03-25 19:32:44,mem_copy_4_cores_2_chans_8192_tile_2048_False,5/5,227.84,190.7,173.1,398.2,95.79523996525087,0.158408514,0.1717987,0.08229877,0.1893099,0.04367428796074391,,,,,
dc66da77fcb62e0475e38850a6105819fb2f7df2,2026-03-25 19:32:44,mem_copy_4_cores_2_chans_8192_tile_2048_True,5/5,172.57999999999998,170.2,112.8,226.3,50.40944355971409,0.20433328,0.1924915,0.144825,0.2905686,0.062793780445017,,,,,
dc66da77fcb62e0475e38850a6105819fb2f7df2,2026-03-25 19:32:44,mem_copy_8_cores_1_chans_1024_tile_128_False,5/5,184.44,177.6,125.9,260.6,48.4440192387048,0.023421446,0.02306023,0.01571809,0.03253763,0.006000617240974464,,,,,
dc66da77fcb62e0475e38850a6105819fb2f7df2,2026-03-25 19:32:44,mem_copy_8_cores_1_chans_1024_tile_128_True,5/5,217.06,216.5,112.3,309.5,71.2433365305135,0.021108138,0.01892056,0.01323565,0.03647531,0.008968973115439136,,,,,
dc66da77fcb62e0475e38850a6105819fb2f7df2,2026-03-25 19:32:44,mem_copy_8_cores_1_chans_2048_tile_256_False,5/5,205.04,179.3,167.6,308.3,58.47660215847019,0.04197754,0.04569114,0.02657366,0.04887587,0.008924881972931072,,,,,
dc66da77fcb62e0475e38850a6105819fb2f7df2,2026-03-25 19:32:44,mem_copy_8_cores_1_chans_2048_tile_256_True,5/5,196.94,203.8,147.3,246.0,37.226710840470446,0.04285845,0.04018683,0.03329432,0.05559828,0.008519271605178461,,,,,
dc66da77fcb62e0475e38850a6105819fb2f7df2,2026-03-25 19:32:44,mem_copy_8_cores_1_chans_4096_tile_512_False,5/5,228.58,225.8,203.1,267.5,26.283017330588205,0.072403382,0.07256545,0.06124731,0.08065666,0.007977994317538088,,,,,
dc66da77fcb62e0475e38850a6105819fb2f7df2,2026-03-25 19:32:44,mem_copy_8_cores_1_chans_4096_tile_512_True,5/5,185.64000000000001,184.8,123.5,233.4,41.6525269341489,0.092532944,0.08867029,0.07019354,0.1326631,0.02426565371935259,,,,,
dc66da77fcb62e0475e38850a6105819fb2f7df2,2026-03-25 19:32:44,mem_copy_8_cores_1_chans_8192_tile_1024_False,5/5,208.28,194.1,176.7,243.4,29.814459579204186,0.15987104,0.1688439,0.1346121,0.1854777,0.022261750638887315,,,,,
dc66da77fcb62e0475e38850a6105819fb2f7df2,2026-03-25 19:32:44,mem_copy_8_cores_1_chans_8192_tile_1024_True,5/5,198.46,213.9,155.4,222.2,27.873338515506173,0.16806854,0.1532207,0.1474667,0.2107959,0.026438644625490927,,,,,
dc66da77fcb62e0475e38850a6105819fb2f7df2,2026-03-25 19:32:44,mem_copy_8_cores_2_chans_1024_tile_128_False,5/5,186.34,175.7,138.3,283.7,59.18300431711793,0.023529346,0.02331054,0.01443686,0.02962046,0.006242854728109569,,,,,
dc66da77fcb62e0475e38850a6105819fb2f7df2,2026-03-25 19:32:44,mem_copy_8_cores_2_chans_1024_tile_128_True,5/5,213.82,187.6,171.9,277.8,50.31264254638192,0.019973204,0.02182957,0.01474667,0.02382784,0.004349060410540419,,,,,
dc66da77fcb62e0475e38850a6105819fb2f7df2,2026-03-25 19:32:44,mem_copy_8_cores_2_chans_2048_tile_256_False,5/5,179.24,182.6,164.7,191.5,12.144052042049227,0.045873382,0.04485606,0.04278921,0.04972466,0.0031490155853091594,,,,,
dc66da77fcb62e0475e38850a6105819fb2f7df2,2026-03-25 19:32:44,mem_copy_8_cores_2_chans_2048_tile_256_True,5/5,206.84,184.5,116.8,324.7,82.05222727019662,0.04490226,0.04439243,0.02522741,0.07012192,0.017509744507662014,,,,,
dc66da77fcb62e0475e38850a6105819fb2f7df2,2026-03-25 19:32:44,mem_copy_8_cores_2_chans_4096_tile_512_False,5/5,256.56,230.8,190.3,357.2,69.26206032165084,0.067414712,0.07099119,0.04587415,0.08611463,0.016640386192679543,,,,,
dc66da77fcb62e0475e38850a6105819fb2f7df2,2026-03-25 19:32:44,mem_copy_8_cores_2_chans_4096_tile_512_True,5/5,206.44,219.8,122.8,277.8,60.2317856285201,0.086089804,0.07453306,0.05898668,0.1334359,0.02958609871762463,,,,,
dc66da77fcb62e0475e38850a6105819fb2f7df2,2026-03-25 19:32:44,mem_copy_8_cores_2_chans_8192_tile_1024_False,5/5,212.57999999999998,212.7,162.1,247.7,32.541465855120904,0.15743276,0.1540795,0.13228,0.2021161,0.02704956084436492,,,,,
dc66da77fcb62e0475e38850a6105819fb2f7df2,2026-03-25 19:32:44,mem_copy_8_cores_2_chans_8192_tile_1024_True,5/5,194.5,193.8,146.2,234.8,33.34786349978062,0.17285438,0.1690516,0.1395319,0.2242071,0.032313539211559605,,,,,
dc66da77fcb62e0475e38850a6105819fb2f7df2,2026-03-25 19:32:44,mha,5/5,47463.56,47461.5,47381.2,47530.4,59.27092879312845,0.17673808,0.1767455,0.1764893,0.1770452,0.0002208187084465536,,,,,
dc66da77fcb62e0475e38850a6105819fb2f7df2,2026-03-25 19:32:44,relu_1_cols_1_channels_1024_tile_1024,5/5,160.6,163.3,118.5,191.2,26.759577724620392,0.026164232,0.0250801,0.02142128,0.03456714,0.0050020247921136905,,,,,
dc66da77fcb62e0475e38850a6105819fb2f7df2,2026-03-25 19:32:44,relu_1_cols_1_channels_2048_tile_2048,5/5,134.52,121.4,110.1,171.2,25.607947984951856,0.06257378,0.0675044,0.04785479,0.07437173,0.011049957339003621,,,,,
dc66da77fcb62e0475e38850a6105819fb2f7df2,2026-03-25 19:32:44,relu_1_cols_1_channels_4096_tile_4096,5/5,150.54,149.0,123.0,180.0,20.785764359291672,0.110521994,0.1099512,0.09101917,0.1331773,0.015407148724769941,,,,,
dc66da77fcb62e0475e38850a6105819fb2f7df2,2026-03-25 19:32:44,relu_2_cols_1_channels_1024_tile_512,5/5,151.1,139.7,121.6,219.6,39.00275631285563,0.028265402,0.02931718,0.0186535,0.03368602,0.005664424985911632,,,,,
dc66da77fcb62e0475e38850a6105819fb2f7df2,2026-03-25 19:32:44,relu_2_cols_1_channels_2048_tile_1024,5/5,148.96,153.5,96.6,178.8,33.149856711605864,0.057791082,0.05335363,0.04581298,0.08483886,0.015932805277290938,,,,,
dc66da77fcb62e0475e38850a6105819fb2f7df2,2026-03-25 19:32:44,relu_2_cols_1_channels_4096_tile_2048,5/5,154.5,153.8,111.3,204.6,39.54889378983943,0.111878316,0.1065418,0.08009263,0.1471509,0.028804219581817003,,,,,
dc66da77fcb62e0475e38850a6105819fb2f7df2,2026-03-25 19:32:44,relu_2_cols_1_channels_8192_tile_4096,5/5,180.3,176.2,155.9,214.1,22.241740039844,0.18387558,0.1859796,0.1530501,0.2101513,0.02165824255444103,,,,,
dc66da77fcb62e0475e38850a6105819fb2f7df2,2026-03-25 19:32:44,relu_4_cols_1_channels_1024_tile_256,5/5,153.64,151.2,121.6,199.3,32.496507504653486,0.027603604,0.02709759,0.02055008,0.03368602,0.005623349188368974,,,,,
dc66da77fcb62e0475e38850a6105819fb2f7df2,2026-03-25 19:32:44,relu_4_cols_1_channels_2048_tile_512,5/5,158.1,163.8,140.0,169.3,12.625767303415667,0.052102828,0.05001418,0.048394,0.05853448,0.004353705868719199,,,,,
dc66da77fcb62e0475e38850a6105819fb2f7df2,2026-03-25 19:32:44,relu_4_cols_1_channels_4096_tile_1024,5/5,159.04,151.2,128.3,216.0,34.77560926856638,0.1065388,0.1083903,0.07584931,0.1277314,0.02030605115825206,,,,,
dc66da77fcb62e0475e38850a6105819fb2f7df2,2026-03-25 19:32:44,relu_4_cols_1_channels_8192_tile_2048,5/5,153.84,150.0,124.5,178.1,21.803279569826188,0.2166104,0.2185039,0.1839879,0.263293,0.031865602089949596,,,,,
dc66da77fcb62e0475e38850a6105819fb2f7df2,2026-03-25 19:32:44,relu_8_cols_1_channels_1024_tile_128,5/5,173.24,180.5,129.9,224.1,37.06909764210615,0.024538256,0.02269468,0.01827646,0.0315227,0.005290579839023318,,,,,
dc66da77fcb62e0475e38850a6105819fb2f7df2,2026-03-25 19:32:44,relu_8_cols_1_channels_2048_tile_256,5/5,153.70000000000002,151.4,132.8,170.5,16.41371377842321,0.053799516,0.05410982,0.04805558,0.06168714,0.005821165481695225,,,,,
dc66da77fcb62e0475e38850a6105819fb2f7df2,2026-03-25 19:32:44,relu_8_cols_1_channels_4096_tile_512,5/5,210.64000000000001,214.6,164.5,248.0,38.1775195632194,0.07996054799999999,0.07635497,0.06607642,0.09959344,0.015047280597708348,,,,,
dc66da77fcb62e0475e38850a6105819fb2f7df2,2026-03-25 19:32:44,relu_8_cols_1_channels_8192_tile_1024,5/5,187.34,187.6,170.0,201.5,11.784651034290324,0.17547196,0.1746365,0.1626496,0.1927615,0.011325156051595934,,,,,
dc66da77fcb62e0475e38850a6105819fb2f7df2,2026-03-25 19:32:44,rms_norm_1_cols_1_channels_1024_tile_1024,5/5,187.82,183.8,141.6,242.0,36.6949860335169,0.022479178,0.02228258,0.01692598,0.02892234,0.004380161352224368,,,,,
dc66da77fcb62e0475e38850a6105819fb2f7df2,2026-03-25 19:32:44,rms_norm_1_cols_1_channels_2048_tile_2048,5/5,157.66,144.7,127.3,195.7,29.771009388329443,0.053400058,0.05660583,0.04185108,0.06434408,0.009640394164738286,,,,,
dc66da77fcb62e0475e38850a6105819fb2f7df2,2026-03-25 19:32:44,rms_norm_1_cols_1_channels_4096_tile_4096,5/5,170.9,161.2,141.6,230.6,36.73227463689119,0.099028796,0.101656,0.07106461,0.1156894,0.018572939045859972,,,,,
dc66da77fcb62e0475e38850a6105819fb2f7df2,2026-03-25 19:32:44,rms_norm_1_cols_1_channels_8192_tile_8192,5/5,177.8,187.4,138.5,203.8,27.731300005589357,0.18825634,0.1748587,0.1607473,0.2365559,0.031989895671727345,,,,,
dc66da77fcb62e0475e38850a6105819fb2f7df2,2026-03-25 19:32:44,rms_norm_1_cols_2_channels_1024_tile_512,5/5,182.4,170.9,135.7,245.8,41.31198373353669,0.023345662,0.02396077,0.01666331,0.03019309,0.005001402996796998,,,,,
dc66da77fcb62e0475e38850a6105819fb2f7df2,2026-03-25 19:32:44,rms_norm_1_cols_2_channels_2048_tile_1024,5/5,191.12,180.0,122.5,257.3,50.610937553062584,0.045600658,0.04550959,0.03184406,0.06684774,0.013325496153639834,,,,,
dc66da77fcb62e0475e38850a6105819fb2f7df2,2026-03-25 19:32:44,rms_norm_1_cols_2_channels_4096_tile_2048,5/5,193.8,181.2,155.0,233.9,32.6529477995479,0.08648828,0.09042036,0.07005044,0.1057223,0.014491360862686433,,,,,
dc66da77fcb62e0475e38850a6105819fb2f7df2,2026-03-25 19:32:44,rms_norm_1_cols_2_channels_8192_tile_4096,5/5,156.56,150.2,133.8,191.9,21.570651357805584,0.21227094,0.2181571,0.1707316,0.2449892,0.026937556031644733,,,,,
dc66da77fcb62e0475e38850a6105819fb2f7df2,2026-03-25 19:32:44,rms_norm_2_cols_1_channels_1024_tile_512,5/5,162.35999999999999,175.5,129.2,185.7,25.25931511343885,0.02576009,0.02334221,0.02205375,0.03169718,0.004291948905654632,,,,,
dc66da77fcb62e0475e38850a6105819fb2f7df2,2026-03-25 19:32:44,rms_norm_2_cols_1_channels_2048_tile_1024,5/5,161.28,162.4,138.5,181.7,15.320802851025787,0.051178836,0.05045483,0.04509152,0.05913896,0.005042395967923382,,,,,
dc66da77fcb62e0475e38850a6105819fb2f7df2,2026-03-25 19:32:44,rms_norm_2_cols_1_channels_4096_tile_2048,5/5,158.68,152.3,117.5,194.1,30.72217440221313,0.106577466,0.1075422,0.08442196,0.1393904,0.021802857815380074,,,,,
dc66da77fcb62e0475e38850a6105819fb2f7df2,2026-03-25 19:32:44,rms_norm_2_cols_1_channels_8192_tile_4096,5/5,175.28,166.4,128.0,222.0,37.98568151290694,0.1943172,0.1969039,0.1476251,0.2559385,0.04313961177908304,,,,,
dc66da77fcb62e0475e38850a6105819fb2f7df2,2026-03-25 19:32:44,rms_norm_2_cols_2_channels_1024_tile_256,5/5,158.78,162.1,127.3,201.7,28.94256381179801,0.026464946,0.02526451,0.02030717,0.03217204,0.004640914825336703,,,,,
dc66da77fcb62e0475e38850a6105819fb2f7df2,2026-03-25 19:32:44,rms_norm_2_cols_2_channels_2048_tile_512,5/5,177.12,179.1,136.4,209.1,27.45509060265509,0.04724185,0.04575198,0.03917872,0.06006947,0.00801203078056993,,,,,
dc66da77fcb62e0475e38850a6105819fb2f7df2,2026-03-25 19:32:44,rms_norm_2_cols_2_channels_4096_tile_1024,5/5,163.12,159.3,133.0,198.6,23.4748162932109,0.102085542,0.1028735,0.08249637,0.1231532,0.01448607555164338,,,,,
dc66da77fcb62e0475e38850a6105819fb2f7df2,2026-03-25 19:32:44,rms_norm_2_cols_2_channels_8192_tile_2048,5/5,194.16,180.2,147.1,240.6,38.56038122218192,0.17425286,0.1817976,0.136213,0.2227536,0.03492064394177175,,,,,
dc66da77fcb62e0475e38850a6105819fb2f7df2,2026-03-25 19:32:44,rms_norm_4_cols_1_channels_1024_tile_256,5/5,198.54,187.9,131.8,268.9,54.5177310606375,0.021967604,0.02180186,0.01523038,0.03106667,0.006236899475086159,,,,,
dc66da77fcb62e0475e38850a6105819fb2f7df2,2026-03-25 19:32:44,rms_norm_4_cols_1_channels_2048_tile_512,5/5,168.46,170.0,139.0,193.4,23.775575702808965,0.049433244,0.04819038,0.04236712,0.05893609,0.00716906603676727,,,,,
dc66da77fcb62e0475e38850a6105819fb2f7df2,2026-03-25 19:32:44,rms_norm_4_cols_1_channels_4096_tile_1024,5/5,192.56,179.1,142.6,238.4,39.524840290632426,0.088113086,0.09150396,0.06871948,0.1149155,0.01861459417605122,,,,,
dc66da77fcb62e0475e38850a6105819fb2f7df2,2026-03-25 19:32:44,rms_norm_4_cols_1_channels_8192_tile_2048,5/5,176.26,170.9,148.5,210.0,22.478500839691243,0.18825206,0.1916861,0.1560034,0.2206083,0.023441726437978077,,,,,
dc66da77fcb62e0475e38850a6105819fb2f7df2,2026-03-25 19:32:44,rms_norm_4_cols_2_channels_1024_tile_128,5/5,198.86,188.8,138.0,284.9,53.466886948839644,0.021724354,0.02169175,0.01437646,0.02967162,0.005448138991846665,,,,,
dc66da77fcb62e0475e38850a6105819fb2f7df2,2026-03-25 19:32:44,rms_norm_4_cols_2_channels_2048_tile_256,5/5,191.16,182.4,133.5,286.6,58.59883104636133,0.045760588,0.04491469,0.02858547,0.06135668,0.01223302016719992,,,,,
dc66da77fcb62e0475e38850a6105819fb2f7df2,2026-03-25 19:32:44,rms_norm_4_cols_2_channels_4096_tile_512,5/5,189.02,190.5,153.5,230.3,27.778534878571264,0.088172104,0.08600685,0.07113817,0.1067073,0.012841990043674308,,,,,
dc66da77fcb62e0475e38850a6105819fb2f7df2,2026-03-25 19:32:44,rms_norm_4_cols_2_channels_8192_tile_1024,5/5,183.82,182.2,142.8,240.3,41.699904076628286,0.1856504,0.1798939,0.1363482,0.2294473,0.041113575497699055,,,,,
dc66da77fcb62e0475e38850a6105819fb2f7df2,2026-03-25 19:32:44,rms_norm_8_cols_1_channels_1024_tile_128,5/5,175.62,178.8,156.4,200.3,18.536639393374415,0.023531214,0.02290649,0.02045223,0.02618882,0.0024690683294979914,,,,,
dc66da77fcb62e0475e38850a6105819fb2f7df2,2026-03-25 19:32:44,rms_norm_8_cols_1_channels_2048_tile_256,5/5,185.94,190.3,164.3,200.3,13.636825143705552,0.044263356000000004,0.04305732,0.04090445,0.049869,0.0034343605735755217,,,,,
dc66da77fcb62e0475e38850a6105819fb2f7df2,2026-03-25 19:32:44,rms_norm_8_cols_1_channels_4096_tile_512,5/5,203.82,204.8,130.7,254.6,47.147396534697435,0.084754492,0.07999939,0.06434408,0.1254005,0.024011065232666582,,,,,
dc66da77fcb62e0475e38850a6105819fb2f7df2,2026-03-25 19:32:44,rms_norm_8_cols_1_channels_8192_tile_1024,5/5,229.76,196.0,143.1,355.7,82.44742567236408,0.156955132,0.1672007,0.09211726,0.2290649,0.05195358091898112,,,,,
dc66da77fcb62e0475e38850a6105819fb2f7df2,2026-03-25 19:32:44,rms_norm_8_cols_2_channels_1024_tile_64,5/5,218.36,201.0,179.5,297.5,46.48868679582163,0.019337623999999998,0.02037944,0.01376592,0.02281523,0.0034499577691806606,,,,,
dc66da77fcb62e0475e38850a6105819fb2f7df2,2026-03-25 19:32:44,rms_norm_8_cols_2_channels_2048_tile_128,5/5,241.74,230.1,167.8,364.5,76.59930156339547,0.036377218,0.03560595,0.02247203,0.04880645,0.010128420882562099,,,,,
dc66da77fcb62e0475e38850a6105819fb2f7df2,2026-03-25 19:32:44,rms_norm_8_cols_2_channels_4096_tile_256,5/5,230.18,232.9,196.5,261.8,27.86300414528197,0.072040538,0.07033723,0.06258604,0.08339742,0.008882062632897836,,,,,
dc66da77fcb62e0475e38850a6105819fb2f7df2,2026-03-25 19:32:44,rms_norm_8_cols_2_channels_8192_tile_512,5/5,249.06,219.6,172.9,427.7,102.2760626930857,0.14515878799999998,0.149228,0.07661034,0.189571,0.042449395448082884,,,,,
dc66da77fcb62e0475e38850a6105819fb2f7df2,2026-03-25 19:32:44,rope_1c_32rows_128cols_16arows_0m,5/5,216.96,215.1,98.9,338.3,90.27717319455678,0.11209665199999999,0.09523209,0.06053513,0.2069864,0.0572698262674881,,,,,
dc66da77fcb62e0475e38850a6105819fb2f7df2,2026-03-25 19:32:44,rope_1c_32rows_128cols_16arows_1m,5/5,197.79999999999998,191.5,175.2,252.7,31.670096305505606,0.10538220400000001,0.106973,0.08103712,0.1168699,0.014405613581485517,,,,,
dc66da77fcb62e0475e38850a6105819fb2f7df2,2026-03-25 19:32:44,rope_1c_32rows_128cols_32arows_0m,5/5,180.44,191.2,112.8,224.6,48.105800066104294,0.14578942,0.1285277,0.1094259,0.2179265,0.045696795273760714,,,,,
dc66da77fcb62e0475e38850a6105819fb2f7df2,2026-03-25 19:32:44,rope_1c_32rows_128cols_32arows_1m,5/5,185.35999999999999,175.0,146.4,254.2,40.873805792952524,0.13710206,0.1404349,0.0966972,0.1678815,0.025943315147895035,,,,,
dc66da77fcb62e0475e38850a6105819fb2f7df2,2026-03-25 19:32:44,rope_1c_32rows_128cols_8arows_0m,5/5,191.96,184.5,142.6,252.0,49.82512418449151,0.101347252,0.09988296,0.07314041,0.12928,0.025899205886726916,,,,,
dc66da77fcb62e0475e38850a6105819fb2f7df2,2026-03-25 19:32:44,rope_1c_32rows_128cols_8arows_1m,5/5,189.76,203.6,130.4,246.0,43.953304767673615,0.101804782,0.09052624,0.07491222,0.1413335,0.02574976654244112,,,,,
dc66da77fcb62e0475e38850a6105819fb2f7df2,2026-03-25 19:32:44,rope_1c_32rows_512cols_32arows_0m,5/5,191.18,169.0,105.1,298.7,73.19185063926174,0.58002342,0.5815471,0.3290637,0.9349589,0.22881234765710745,,,,,
dc66da77fcb62e0475e38850a6105819fb2f7df2,2026-03-25 19:32:44,rope_1c_32rows_512cols_8arows_0m,5/5,180.01999999999998,166.9,124.2,240.6,46.26253343689686,0.43227403999999997,0.4417681,0.3064793,0.5935463,0.11258834005618876,,,,,
dc66da77fcb62e0475e38850a6105819fb2f7df2,2026-03-25 19:32:44,rope_1c_64rows_128cols_16arows_0m,5/5,209.82,203.1,179.1,261.8,34.15387240123732,0.17922132,0.1814775,0.1408186,0.2058839,0.02717451230927614,,,,,
dc66da77fcb62e0475e38850a6105819fb2f7df2,2026-03-25 19:32:44,rope_1c_64rows_128cols_16arows_1m,5/5,192.20000000000002,195.0,157.8,238.4,34.62166951491508,0.1968147,0.1890206,0.1546188,0.2335632,0.03510558499014081,,,,,
dc66da77fcb62e0475e38850a6105819fb2f7df2,2026-03-25 19:32:44,rope_1c_64rows_128cols_32arows_0m,5/5,204.84,202.4,172.1,238.7,26.44074507270928,0.20265144,0.2023542,0.1716271,0.2379483,0.02628077882907963,,,,,
dc66da77fcb62e0475e38850a6105819fb2f7df2,2026-03-25 19:32:44,rope_1c_64rows_128cols_32arows_1m,5/5,174.82,167.4,134.9,213.9,34.10230197508667,0.24162662,0.2447275,0.1915259,0.3035313,0.04724236242369765,,,,,
dc66da77fcb62e0475e38850a6105819fb2f7df2,2026-03-25 19:32:44,rope_1c_64rows_128cols_8arows_0m,5/5,171.94,176.7,139.2,185.7,18.758011621704473,0.20472068,0.19707,0.1874569,0.2500495,0.02571936612976687,,,,,
dc66da77fcb62e0475e38850a6105819fb2f7df2,2026-03-25 19:32:44,rope_1c_64rows_128cols_8arows_1m,5/5,178.18,170.9,135.9,239.8,43.770617998835704,0.20465954,0.2036665,0.1451579,0.256191,0.047741462089288804,,,,,
dc66da77fcb62e0475e38850a6105819fb2f7df2,2026-03-25 19:32:44,rope_2c_32rows_128cols_16arows_0m,5/5,201.92,204.3,174.5,218.6,17.311036941789474,0.10205612,0.1002326,0.09367431,0.1173488,0.009355833119345921,,,,,
dc66da77fcb62e0475e38850a6105819fb2f7df2,2026-03-25 19:32:44,rope_2c_32rows_128cols_16arows_1m,5/5,157.96,167.8,104.7,197.4,34.97031598370252,0.1358917,0.1220161,0.1037432,0.1956705,0.03588709407259105,,,,,
dc66da77fcb62e0475e38850a6105819fb2f7df2,2026-03-25 19:32:44,rope_2c_32rows_128cols_32arows_0m,5/5,178.2,179.1,116.8,226.5,45.85084513943009,0.14637402,0.1372559,0.1085044,0.2103657,0.04184431588193311,,,,,
dc66da77fcb62e0475e38850a6105819fb2f7df2,2026-03-25 19:32:44,rope_2c_32rows_128cols_32arows_1m,5/5,186.98,185.7,125.9,272.3,58.880149456332056,0.142045042,0.1323225,0.09026201,0.1952258,0.04312312765463354,,,,,
dc66da77fcb62e0475e38850a6105819fb2f7df2,2026-03-25 19:32:44,rope_2c_32rows_128cols_8arows_0m,5/5,162.4,165.0,131.8,194.1,28.595017048429952,0.116414066,0.1117188,0.09497471,0.1398,0.0208524755686868,,,,,
dc66da77fcb62e0475e38850a6105819fb2f7df2,2026-03-25 19:32:44,rope_2c_32rows_128cols_8arows_1m,5/5,165.88,181.4,115.4,213.6,41.6764561833177,0.117444274,0.1015892,0.08628283,0.1597302,0.0317807681999866,,,,,
dc66da77fcb62e0475e38850a6105819fb2f7df2,2026-03-25 19:32:44,rope_2c_32rows_512cols_32arows_0m,5/5,181.76,181.2,116.8,256.8,51.222582910275044,0.57762642,0.5425222,0.3828383,0.841463,0.16981929784893998,,,,,
dc66da77fcb62e0475e38850a6105819fb2f7df2,2026-03-25 19:32:44,rope_2c_32rows_512cols_8arows_0m,5/5,200.66,183.6,150.4,266.1,50.16416051325887,0.38559346,0.4016073,0.2770947,0.4900755,0.0915578877200266,,,,,
dc66da77fcb62e0475e38850a6105819fb2f7df2,2026-03-25 19:32:44,rope_2c_64rows_128cols_16arows_0m,5/5,176.82,165.5,150.4,213.9,26.343443206991754,0.21204834,0.2227937,0.1723733,0.2450378,0.029965190113913846,,,,,
dc66da77fcb62e0475e38850a6105819fb2f7df2,2026-03-25 19:32:44,rope_2c_64rows_128cols_16arows_1m,5/5,157.3,142.3,124.0,212.7,36.03005689698533,0.24339816,0.258993,0.1733395,0.2973439,0.04995195551310278,,,,,
dc66da77fcb62e0475e38850a6105819fb2f7df2,2026-03-25 19:32:44,rope_2c_64rows_128cols_32arows_0m,5/5,221.36,210.0,189.1,267.3,33.81291173501626,0.18839556,0.1950042,0.1532549,0.216644,0.02748650414354288,,,,,
dc66da77fcb62e0475e38850a6105819fb2f7df2,2026-03-25 19:32:44,rope_2c_64rows_128cols_32arows_1m,5/5,189.68,198.1,131.4,222.0,34.26757943012608,0.22319098,0.2067373,0.1845314,0.3117944,0.050522599332397784,,,,,
dc66da77fcb62e0475e38850a6105819fb2f7df2,2026-03-25 19:32:44,rope_2c_64rows_128cols_8arows_0m,5/5,147.57999999999998,155.2,128.0,165.7,17.09991228047676,0.23855238,0.2243147,0.2101135,0.2719346,0.0285159691111314,,,,,
dc66da77fcb62e0475e38850a6105819fb2f7df2,2026-03-25 19:32:44,rope_2c_64rows_128cols_8arows_1m,5/5,196.94,189.1,134.7,278.0,51.4840072255453,0.1863472,0.1841474,0.1252392,0.2584582,0.047463247873117585,,,,,
dc66da77fcb62e0475e38850a6105819fb2f7df2,2026-03-25 19:32:44,rope_8c_32rows_128cols_16arows_0m,5/5,182.24,194.3,142.3,202.4,24.61347192088105,0.11427156000000001,0.105398,0.1011771,0.143885,0.01762800599906297,,,,,
dc66da77fcb62e0475e38850a6105819fb2f7df2,2026-03-25 19:32:44,rope_8c_32rows_128cols_16arows_1m,5/5,193.0,199.3,153.3,241.0,34.88144205734619,0.108913026,0.1027504,0.08496473,0.1335915,0.01961521325253386,,,,,
dc66da77fcb62e0475e38850a6105819fb2f7df2,2026-03-25 19:32:44,rope_8c_32rows_128cols_32arows_0m,5/5,198.56,191.7,165.7,255.8,33.888464113913464,0.12634305399999998,0.128208,0.09606637,0.1483154,0.018979202651009337,,,,,
dc66da77fcb62e0475e38850a6105819fb2f7df2,2026-03-25 19:32:44,rope_8c_32rows_128cols_32arows_1m,5/5,216.10000000000002,200.3,168.8,270.1,42.85959635834197,0.117297286,0.1227134,0.09097901,0.1455921,0.02266740213030333,,,,,
dc66da77fcb62e0475e38850a6105819fb2f7df2,2026-03-25 19:32:44,rope_8c_32rows_128cols_8arows_0m,5/5,177.9,171.4,133.5,208.1,31.210975633581203,0.1064171,0.1075235,0.08855603,0.1380525,0.020251837159982546,,,,,
dc66da77fcb62e0475e38850a6105819fb2f7df2,2026-03-25 19:32:44,rope_8c_32rows_128cols_8arows_1m,5/5,193.18,197.2,160.5,223.4,25.44743602015732,0.096799276,0.09348175,0.08250738,0.1148728,0.013138530611892256,,,,,
dc66da77fcb62e0475e38850a6105819fb2f7df2,2026-03-25 19:32:44,rope_8c_32rows_512cols_32arows_0m,5/5,199.32,209.3,134.5,277.3,56.703103971475855,0.5272548,0.4696092,0.3545287,0.7310583,0.1527933595349942,,,,,
dc66da77fcb62e0475e38850a6105819fb2f7df2,2026-03-25 19:32:44,rope_8c_32rows_512cols_8arows_0m,5/5,175.70000000000002,177.4,140.9,216.0,30.199420524241848,0.42965894,0.415642,0.3413219,0.5232447,0.07378355812322282,,,,,
dc66da77fcb62e0475e38850a6105819fb2f7df2,2026-03-25 19:32:44,rope_8c_64rows_128cols_16arows_0m,5/5,222.78,209.3,190.3,270.6,34.353849857039314,0.16850128,0.1761034,0.136228,0.1937579,0.024617493096515747,,,,,
dc66da77fcb62e0475e38850a6105819fb2f7df2,2026-03-25 19:32:44,rope_8c_64rows_128cols_16arows_1m,5/5,205.48,201.0,166.4,255.1,36.34153271396241,0.18386614,0.183415,0.1445036,0.2215169,0.03168563072479384,,,,,
dc66da77fcb62e0475e38850a6105819fb2f7df2,2026-03-25 19:32:44,rope_8c_64rows_128cols_32arows_0m,5/5,209.62,223.9,152.3,254.9,45.33599011822726,0.20358444,0.1829592,0.1607097,0.2688555,0.0475849901001671,,,,,
dc66da77fcb62e0475e38850a6105819fb2f7df2,2026-03-25 19:32:44,rope_8c_64rows_128cols_32arows_1m,5/5,217.62,205.8,164.7,284.2,48.601718076627705,0.19566828,0.1990715,0.1441264,0.2486233,0.04222437007620125,,,,,
dc66da77fcb62e0475e38850a6105819fb2f7df2,2026-03-25 19:32:44,rope_8c_64rows_128cols_8arows_0m,5/5,217.57999999999998,241.5,159.7,270.4,51.428270435627134,0.16805612,0.1441549,0.1287733,0.2179536,0.04268309370760277,,,,,
dc66da77fcb62e0475e38850a6105819fb2f7df2,2026-03-25 19:32:44,rope_8c_64rows_128cols_8arows_1m,5/5,204.46,214.6,157.6,243.4,37.020642890149816,0.17512418,0.1622543,0.1430254,0.2209212,0.03362316834315292,,,,,
dc66da77fcb62e0475e38850a6105819fb2f7df2,2026-03-25 19:32:44,sigmoid_1_cols_1_channels_1024_tile_1024,5/5,137.54,142.6,106.6,185.0,32.499199990153606,0.031100996000000002,0.02872888,0.02213901,0.03843371,0.0070577238935566194,,,,,
dc66da77fcb62e0475e38850a6105819fb2f7df2,2026-03-25 19:32:44,sigmoid_1_cols_1_channels_2048_tile_2048,5/5,171.02,141.6,138.0,225.5,42.46624541915614,0.050143898,0.05784468,0.03632108,0.05934324,0.011336813314548317,,,,,
dc66da77fcb62e0475e38850a6105819fb2f7df2,2026-03-25 19:32:44,sigmoid_1_cols_1_channels_4096_tile_4096,5/5,170.7,162.8,146.2,223.2,31.533157152432416,0.098293782,0.1006142,0.07341824,0.1121036,0.015800756477562083,,,,,
dc66da77fcb62e0475e38850a6105819fb2f7df2,2026-03-25 19:32:44,sigmoid_2_cols_1_channels_1024_tile_512,5/5,145.64,136.4,104.0,196.7,39.78018350887788,0.029839042,0.03003474,0.02082408,0.03940337,0.007924621730468907,,,,,
dc66da77fcb62e0475e38850a6105819fb2f7df2,2026-03-25 19:32:44,sigmoid_2_cols_1_channels_2048_tile_1024,5/5,177.1,186.9,142.1,209.1,26.657456742907787,0.047146176,0.0438262,0.03917872,0.05765057,0.007425985752015014,,,,,
dc66da77fcb62e0475e38850a6105819fb2f7df2,2026-03-25 19:32:44,sigmoid_2_cols_1_channels_4096_tile_2048,5/5,184.06,169.5,142.6,235.8,40.432388007635666,0.092408818,0.09665187,0.0694838,0.1149155,0.019437331032909844,,,,,
dc66da77fcb62e0475e38850a6105819fb2f7df2,2026-03-25 19:32:44,sigmoid_2_cols_1_channels_8192_tile_4096,5/5,186.94,167.1,150.4,237.2,37.32992097500341,0.18064466,0.1960613,0.1381296,0.2178113,0.033870840446510925,,,,,
dc66da77fcb62e0475e38850a6105819fb2f7df2,2026-03-25 19:32:44,sigmoid_4_cols_1_channels_1024_tile_256,5/5,150.98000000000002,145.9,138.0,167.8,12.756841301827034,0.027275036,0.02807168,0.02440322,0.02967162,0.002247564212893594,,,,,
dc66da77fcb62e0475e38850a6105819fb2f7df2,2026-03-25 19:32:44,sigmoid_4_cols_1_channels_2048_tile_512,5/5,168.66,172.1,144.7,206.5,25.58208357425173,0.049439246,0.04758967,0.03967637,0.05660583,0.007194323233319447,,,,,
dc66da77fcb62e0475e38850a6105819fb2f7df2,2026-03-25 19:32:44,sigmoid_4_cols_1_channels_4096_tile_1024,5/5,180.46,178.6,145.7,226.0,29.16449896706611,0.092634156,0.0917483,0.0724889,0.1124705,0.014338647864114665,,,,,
dc66da77fcb62e0475e38850a6105819fb2f7df2,2026-03-25 19:32:44,sigmoid_4_cols_1_channels_8192_tile_2048,5/5,176.9,177.4,154.0,201.7,17.342721816370112,0.18665464,0.1847298,0.1624574,0.2127538,0.018291038914807434,,,,,
dc66da77fcb62e0475e38850a6105819fb2f7df2,2026-03-25 19:32:44,sigmoid_8_cols_1_channels_1024_tile_128,5/5,215.96,180.5,153.1,343.8,80.96229369280493,0.020865076,0.02269468,0.01191392,0.02675992,0.006465653233032993,,,,,
dc66da77fcb62e0475e38850a6105819fb2f7df2,2026-03-25 19:32:44,sigmoid_8_cols_1_channels_2048_tile_256,5/5,194.9,186.0,159.7,251.1,34.684650783884216,0.043010272,0.04405095,0.03263033,0.05128319,0.006923953259765695,,,,,
dc66da77fcb62e0475e38850a6105819fb2f7df2,2026-03-25 19:32:44,sigmoid_8_cols_1_channels_4096_tile_512,5/5,201.36,204.1,153.3,262.0,43.44051104671767,0.084428814,0.08027976,0.0625291,0.1068732,0.017973383434303068,,,,,
dc66da77fcb62e0475e38850a6105819fb2f7df2,2026-03-25 19:32:44,sigmoid_8_cols_1_channels_8192_tile_1024,5/5,186.52,187.2,158.1,213.9,20.024784643036742,0.17737748,0.1750815,0.1532207,0.2072986,0.019559941824095494,,,,,
dc66da77fcb62e0475e38850a6105819fb2f7df2,2026-03-25 19:32:44,silu_1_cols_1_channels_1024_tile_1024,5/5,156.88,150.9,118.3,227.2,41.67969529639102,0.027378832,0.02714039,0.01802714,0.03463683,0.006097092455106778,,,,,
dc66da77fcb62e0475e38850a6105819fb2f7df2,2026-03-25 19:32:44,silu_1_cols_1_channels_2048_tile_2048,5/5,198.28,193.6,178.6,220.1,16.03112597417911,0.041532238,0.04231495,0.03722615,0.04587415,0.0033262697074230175,,,,,
dc66da77fcb62e0475e38850a6105819fb2f7df2,2026-03-25 19:32:44,silu_1_cols_1_channels_4096_tile_4096,5/5,171.1,177.4,127.1,210.3,30.527446666893063,0.098456034,0.09236489,0.07791324,0.1289296,0.01913245186389816,,,,,
dc66da77fcb62e0475e38850a6105819fb2f7df2,2026-03-25 19:32:44,silu_2_cols_1_channels_1024_tile_512,5/5,176.42000000000002,170.9,145.4,234.4,35.739012297488024,0.023903558,0.02396077,0.01747698,0.02816372,0.0042896319373309875,,,,,
dc66da77fcb62e0475e38850a6105819fb2f7df2,2026-03-25 19:32:44,silu_2_cols_1_channels_2048_tile_1024,5/5,174.52,174.0,136.1,226.3,32.90041033178766,0.0482155,0.04706813,0.03620626,0.06017467,0.008613858777240895,,,,,
dc66da77fcb62e0475e38850a6105819fb2f7df2,2026-03-25 19:32:44,silu_2_cols_1_channels_4096_tile_2048,5/5,176.68,175.2,113.2,237.9,48.60922751906268,0.09908789600000001,0.09349589,0.06885719,0.1446726,0.029723793167402614,,,,,
dc66da77fcb62e0475e38850a6105819fb2f7df2,2026-03-25 19:32:44,silu_2_cols_1_channels_8192_tile_4096,5/5,173.56,166.2,140.4,203.6,24.71786803104183,0.19197572000000002,0.1971864,0.1609355,0.2333429,0.0281709433018669,,,,,
dc66da77fcb62e0475e38850a6105819fb2f7df2,2026-03-25 19:32:44,silu_4_cols_1_channels_1024_tile_256,5/5,182.4,173.6,155.2,207.2,22.61725005388586,0.022735134,0.02359872,0.0197697,0.02638997,0.0028104918297123718,,,,,
dc66da77fcb62e0475e38850a6105819fb2f7df2,2026-03-25 19:32:44,silu_4_cols_1_channels_2048_tile_512,5/5,195.56,185.7,155.7,243.2,40.733561101381746,0.043350242,0.04410749,0.03368602,0.05261828,0.008790913899863882,,,,,
dc66da77fcb62e0475e38850a6105819fb2f7df2,2026-03-25 19:32:44,silu_4_cols_1_channels_4096_tile_1024,5/5,174.62,169.8,134.7,250.3,47.01049882738962,0.098740596,0.09651612,0.06544712,0.1216274,0.023234686230205047,,,,,
dc66da77fcb62e0475e38850a6105819fb2f7df2,2026-03-25 19:32:44,silu_4_cols_1_channels_8192_tile_2048,5/5,162.16,167.8,109.9,220.3,41.172660832159,0.21321788,0.1952258,0.1487435,0.2981322,0.056451293034500104,,,,,
dc66da77fcb62e0475e38850a6105819fb2f7df2,2026-03-25 19:32:44,silu_8_cols_1_channels_1024_tile_128,5/5,206.04,207.4,198.4,212.4,6.756330364924441,0.019896902,0.01974698,0.01928156,0.02064888,0.0006596234219007089,,,,,
dc66da77fcb62e0475e38850a6105819fb2f7df2,2026-03-25 19:32:44,silu_8_cols_1_channels_2048_tile_256,5/5,214.2,182.4,135.7,386.7,101.39289915965516,0.043816828,0.04491469,0.02118356,0.06038618,0.015369261558893127,,,,,
dc66da77fcb62e0475e38850a6105819fb2f7df2,2026-03-25 19:32:44,silu_8_cols_1_channels_4096_tile_512,5/5,181.62,171.4,127.1,227.2,42.35017119209791,0.094478538,0.09557646,0.07210858,0.1289296,0.023252619623836367,,,,,
dc66da77fcb62e0475e38850a6105819fb2f7df2,2026-03-25 19:32:44,silu_8_cols_1_channels_8192_tile_1024,5/5,229.32,144.0,128.3,511.4,162.296478704869,0.18598992,0.2275479,0.0640741,0.2554627,0.08003504193103168,,,,,
dc66da77fcb62e0475e38850a6105819fb2f7df2,2026-03-25 19:32:44,softmax_2_cols_2_channels_32768_tile_1024,5/5,179.48,190.5,117.3,225.3,44.1285848402144,0.77280128,0.6880548,0.5817522,1.11739,0.21942892302038722,,,,,
dc66da77fcb62e0475e38850a6105819fb2f7df2,2026-03-25 19:32:44,softmax_2_cols_2_channels_32768_tile_512,5/5,220.07999999999998,218.2,215.3,227.0,4.728318940173134,0.5958357599999999,0.600826,0.5774746,0.6088104,0.012657707512934567,,,,,
dc66da77fcb62e0475e38850a6105819fb2f7df2,2026-03-25 19:32:44,softmax_4_cols_4_channels_32768_tile_2048,5/5,217.34,211.0,194.5,250.1,22.004158697846183,0.60782938,0.621193,0.5240761,0.6737204,0.05897916714889249,,,,,
dc66da77fcb62e0475e38850a6105819fb2f7df2,2026-03-25 19:32:44,swiglu_decode_1x2048x2048,5/5,,,,,,,,,,,,,,,
dc66da77fcb62e0475e38850a6105819fb2f7df2,2026-03-25 19:32:44,swiglu_prefill_256x2048x2048,5/5,,,,,,,,,,,,,,,
dc66da77fcb62e0475e38850a6105819fb2f7df2,2026-03-25 19:32:44,tanh_1_cols_1_channels_1024_tile_1024,5/5,159.92,160.2,131.1,180.7,18.977012409755126,0.025923608,0.02556528,0.02266474,0.03123613,0.003311415789427538,,,,,
dc66da77fcb62e0475e38850a6105819fb2f7df2,2026-03-25 19:32:44,tanh_1_cols_1_channels_2048_tile_2048,5/5,150.98,149.0,121.6,196.5,30.572896493462963,0.05597486,0.05497558,0.04169871,0.06737204,0.010673792539217256,,,,,
dc66da77fcb62e0475e38850a6105819fb2f7df2,2026-03-25 19:32:44,tanh_1_cols_1_channels_4096_tile_4096,5/5,166.85999999999999,171.2,135.7,178.8,17.888767425398548,0.0992474,0.09570958,0.09162597,0.1207724,0.012230925697078288,,,,,
dc66da77fcb62e0475e38850a6105819fb2f7df2,2026-03-25 19:32:44,tanh_2_cols_1_channels_1024_tile_512,5/5,153.68,141.9,120.6,199.1,30.75267468042414,0.027470964,0.02887373,0.02057469,0.03395231,0.00517450973129629,,,,,
dc66da77fcb62e0475e38850a6105819fb2f7df2,2026-03-25 19:32:44,tanh_2_cols_1_channels_2048_tile_1024,5/5,164.28,164.5,125.9,234.4,44.40238732320595,0.052566754,0.04979672,0.03495396,0.06507526,0.012728879813478483,,,,,
dc66da77fcb62e0475e38850a6105819fb2f7df2,2026-03-25 19:32:44,tanh_2_cols_1_channels_4096_tile_2048,5/5,165.14,148.1,136.6,201.2,30.581252426936345,0.10186299,0.1106594,0.08142118,0.1199293,0.01786852674506771,,,,,
dc66da77fcb62e0475e38850a6105819fb2f7df2,2026-03-25 19:32:44,tanh_2_cols_1_channels_8192_tile_4096,5/5,159.06,161.2,128.0,179.5,20.094352440424647,0.20889938,0.2033121,0.1825219,0.2559385,0.028912808556970048,,,,,
dc66da77fcb62e0475e38850a6105819fb2f7df2,2026-03-25 19:32:44,tanh_4_cols_1_channels_1024_tile_256,5/5,171.3,172.4,133.8,213.4,28.41900772370492,0.02444891,0.02376192,0.01919538,0.03062365,0.0040912366978946586,,,,,
dc66da77fcb62e0475e38850a6105819fb2f7df2,2026-03-25 19:32:44,tanh_4_cols_1_channels_2048_tile_512,5/5,163.32,173.6,134.7,195.5,27.102158585618234,0.05131764,0.04719744,0.04190212,0.0608137,0.008751450672511386,,,,,
dc66da77fcb62e0475e38850a6105819fb2f7df2,2026-03-25 19:32:44,tanh_4_cols_1_channels_4096_tile_1024,5/5,158.84,165.7,125.2,195.5,27.323030578616272,0.10567619,0.09887694,0.08380424,0.1308942,0.01850126825529536,,,,,
dc66da77fcb62e0475e38850a6105819fb2f7df2,2026-03-25 19:32:44,tanh_4_cols_1_channels_8192_tile_2048,5/5,161.5,152.3,125.4,214.6,36.513696060519536,0.2108566,0.2150844,0.1527099,0.2612908,0.04454101370203646,,,,,
dc66da77fcb62e0475e38850a6105819fb2f7df2,2026-03-25 19:32:44,tanh_8_cols_1_channels_1024_tile_128,5/5,203.28,205.8,171.2,243.2,26.602011202162892,0.02042055,0.01990715,0.01684301,0.02392739,0.0026048598706168444,,,,,
dc66da77fcb62e0475e38850a6105819fb2f7df2,2026-03-25 19:32:44,tanh_8_cols_1_channels_2048_tile_256,5/5,179.4,185.3,138.3,200.5,24.792942544199946,0.046487314,0.04422103,0.04085581,0.05924093,0.007449270419472633,,,,,
dc66da77fcb62e0475e38850a6105819fb2f7df2,2026-03-25 19:32:44,tanh_8_cols_1_channels_4096_tile_512,5/5,169.76,168.1,145.2,214.3,27.65932030979793,0.098404248,0.09747444,0.07643991,0.1128399,0.014582868036623318,,,,,
dc66da77fcb62e0475e38850a6105819fb2f7df2,2026-03-25 19:32:44,tanh_8_cols_1_channels_8192_tile_1024,5/5,173.24,168.8,130.9,220.5,35.72118419089714,0.19575086,0.1941228,0.1485827,0.2503442,0.04043739338400783,,,,,
dc66da77fcb62e0475e38850a6105819fb2f7df2,2026-03-25 19:32:44,transpose_2048_M_128_N_1_cols_1_channels_64_m_64_n_8_s,5/5,217.54000000000002,218.4,161.9,265.6,45.891916499531824,5.0043588,4.801361,3.947977,6.477241,1.0983029727002473,,,,,
dc66da77fcb62e0475e38850a6105819fb2f7df2,2026-03-25 19:32:44,transpose_2048_M_128_N_1_cols_2_channels_64_m_64_n_8_s,5/5,201.44,210.5,162.4,228.9,29.972954475660217,5.3051866,4.9808,4.581298,6.458218,0.8352136394059902,,,,,
dc66da77fcb62e0475e38850a6105819fb2f7df2,2026-03-25 19:32:44,transpose_2048_M_128_N_2_cols_1_channels_64_m_64_n_8_s,5/5,229.32,233.7,173.3,270.1,37.40858190308742,4.682475800000001,4.487803,3.881771,6.049583,0.8486453192610562,,,,,
dc66da77fcb62e0475e38850a6105819fb2f7df2,2026-03-25 19:32:44,transpose_2048_M_128_N_2_cols_2_channels_64_m_64_n_8_s,5/5,201.84,217.0,159.7,231.5,33.93336116567294,5.3228736,4.833018,4.529399,6.564249,0.953038791934935,,,,,
dc66da77fcb62e0475e38850a6105819fb2f7df2,2026-03-25 19:32:44,transpose_2048_M_256_N_1_cols_1_channels_64_m_64_n_8_s,5/5,273.6,273.7,246.8,319.2,28.864597693368246,7.729596,7.662102,6.569151,8.498641,0.7699901841893829,,,,,
dc66da77fcb62e0475e38850a6105819fb2f7df2,2026-03-25 19:32:44,transpose_2048_M_256_N_1_cols_2_channels_64_m_64_n_8_s,5/5,236.26,225.8,195.0,294.4,36.674623379115964,9.0377946,9.288377,7.122343,10.75317,1.3160111382542705,,,,,
dc66da77fcb62e0475e38850a6105819fb2f7df2,2026-03-25 19:32:44,transpose_2048_M_256_N_2_cols_1_channels_64_m_64_n_8_s,5/5,267.22,266.6,221.0,340.2,48.803811326575705,8.0492382,7.867704,6.164046,9.488773,1.389071228861645,,,,,
dc66da77fcb62e0475e38850a6105819fb2f7df2,2026-03-25 19:32:44,transpose_2048_M_256_N_2_cols_2_channels_64_m_64_n_8_s,5/5,256.42,250.1,221.3,313.8,34.623359166897714,8.288966,8.385217,6.683961,9.478549,1.0209897115319035,,,,,
dc66da77fcb62e0475e38850a6105819fb2f7df2,2026-03-25 19:32:44,transpose_2048_M_256_N_4_cols_1_channels_64_m_64_n_8_s,5/5,256.5,228.9,184.1,342.1,64.58084081211703,8.5945162,9.162597,6.129682,11.3939,2.1058628738638707,,,,,
dc66da77fcb62e0475e38850a6105819fb2f7df2,2026-03-25 19:32:44,transpose_2048_M_256_N_4_cols_2_channels_64_m_64_n_8_s,5/5,276.38,269.4,245.6,333.1,33.33559658983173,7.6681175999999995,7.784153,6.296416,8.539896,0.8328092981303105,,,,,
dc66da77fcb62e0475e38850a6105819fb2f7df2,2026-03-25 19:32:44,transpose_2048_M_512_N_1_cols_1_channels_64_m_64_n_8_s,5/5,370.46,349.0,324.5,434.4,51.58864216084776,11.4931372,12.01652,9.655426,12.92593,1.5381252611504692,,,,,
dc66da77fcb62e0475e38850a6105819fb2f7df2,2026-03-25 19:32:44,transpose_2048_M_512_N_1_cols_2_channels_64_m_64_n_8_s,5/5,377.36,388.4,339.0,421.8,34.74461109294505,11.1905334,10.79938,9.944707,12.37144,1.0333874934978653,,,,,
dc66da77fcb62e0475e38850a6105819fb2f7df2,2026-03-25 19:32:44,transpose_2048_M_512_N_2_cols_1_channels_64_m_64_n_8_s,5/5,369.26,364.5,316.9,423.9,38.43082096442906,11.4582416,11.50568,9.894368,13.23716,1.2033719104843688,,,,,
dc66da77fcb62e0475e38850a6105819fb2f7df2,2026-03-25 19:32:44,transpose_2048_M_512_N_2_cols_2_channels_64_m_64_n_8_s,5/5,367.15999999999997,387.4,318.3,396.7,35.43300721079146,11.51361,10.82596,10.57223,13.17767,1.1679455136049803,,,,,
dc66da77fcb62e0475e38850a6105819fb2f7df2,2026-03-25 19:32:44,transpose_2048_M_512_N_4_cols_1_channels_64_m_64_n_8_s,5/5,322.72,322.8,299.5,351.4,22.165897229753632,13.045562,12.99275,11.935,14.00652,0.8909366546898828,,,,,
dc66da77fcb62e0475e38850a6105819fb2f7df2,2026-03-25 19:32:44,transpose_2048_M_512_N_4_cols_2_channels_64_m_64_n_8_s,5/5,401.16,371.2,352.6,517.6,67.10702645774138,10.656380799999999,11.29877,8.103264,11.89465,1.5073029170884003,,,,,
dc66da77fcb62e0475e38850a6105819fb2f7df2,2026-03-25 19:32:44,transpose_2048_M_512_N_8_cols_1_channels_64_m_64_n_8_s,5/5,342.56,342.8,311.1,367.4,22.641620966706416,12.287714,12.23379,11.41608,13.4806,0.8282871782660896,,,,,
dc66da77fcb62e0475e38850a6105819fb2f7df2,2026-03-25 19:32:44,transpose_2048_M_512_N_8_cols_2_channels_64_m_64_n_8_s,5/5,365.54,344.3,304.9,516.4,86.40215853785135,11.893736,12.18295,8.12197,13.75464,2.2342667304352903,,,,,
dc66da77fcb62e0475e38850a6105819fb2f7df2,2026-03-25 19:32:44,transpose_2048_M_64_N_1_cols_1_channels_64_m_64_n_8_s,5/5,187.6,170.2,137.8,277.3,56.789215525485126,2.9803652,3.079865,1.89082,3.804539,0.7808980963977951,,,,,
dc66da77fcb62e0475e38850a6105819fb2f7df2,2026-03-25 19:32:44,transpose_2048_M_64_N_1_cols_2_channels_64_m_64_n_8_s,5/5,188.44,173.6,170.2,221.3,23.31272184881037,2.8145762,3.020636,2.369637,3.079865,0.32809654013521694,,,,,
dc66da77fcb62e0475e38850a6105819fb2f7df2,2026-03-25 19:32:44,transpose_64_M_128_N_1_cols_1_channels_64_m_64_n_8_s,5/5,170.42000000000002,174.0,107.8,214.6,40.06172737164487,0.20320004,0.1882725,0.1527099,0.3040685,0.05923456554958431,,,,,
dc66da77fcb62e0475e38850a6105819fb2f7df2,2026-03-25 19:32:44,transpose_64_M_128_N_2_cols_1_channels_64_m_64_n_8_s,5/5,163.94,158.3,124.9,233.2,42.41512701855318,0.20943014000000001,0.2069864,0.1405306,0.2622881,0.04702016270423785,,,,,
dc66da77fcb62e0475e38850a6105819fb2f7df2,2026-03-25 19:32:44,transpose_64_M_256_N_1_cols_1_channels_64_m_64_n_8_s,5/5,141.92000000000002,134.0,115.2,191.5,28.994430499666656,0.4751423,0.4891066,0.3423137,0.5691054,0.08245118236835661,,,,,
dc66da77fcb62e0475e38850a6105819fb2f7df2,2026-03-25 19:32:44,transpose_64_M_256_N_2_cols_1_channels_64_m_64_n_8_s,5/5,143.42,133.0,122.1,189.8,27.168952869037856,0.46820562,0.4926127,0.345324,0.5368709,0.07501642330308077,,,,,
dc66da77fcb62e0475e38850a6105819fb2f7df2,2026-03-25 19:32:44,transpose_64_M_256_N_4_cols_1_channels_64_m_64_n_8_s,5/5,146.46,138.8,97.8,196.0,37.801164003242015,0.47358946,0.4722988,0.3344013,0.6704339,0.12930911402524187,,,,,
dc66da77fcb62e0475e38850a6105819fb2f7df2,2026-03-25 19:32:44,transpose_64_M_512_N_1_cols_1_channels_64_m_64_n_8_s,5/5,134.4,125.2,118.3,163.1,19.051246678367267,0.9901576799999999,1.047154,0.8037366,1.108379,0.13012522358433046,,,,,
dc66da77fcb62e0475e38850a6105819fb2f7df2,2026-03-25 19:32:44,transpose_64_M_512_N_2_cols_1_channels_64_m_64_n_8_s,5/5,191.54,182.2,161.9,258.4,38.452737223766,0.70286556,0.7195757,0.5071548,0.8096551,0.11633559187165378,,,,,
dc66da77fcb62e0475e38850a6105819fb2f7df2,2026-03-25 19:32:44,transpose_64_M_512_N_4_cols_1_channels_64_m_64_n_8_s,5/5,189.1,172.9,168.3,250.8,34.821904026058085,0.7086806999999999,0.7582839,0.5225816,0.778691,0.10602632706931803,,,,,
dc66da77fcb62e0475e38850a6105819fb2f7df2,2026-03-25 19:32:44,transpose_64_M_512_N_8_cols_1_channels_64_m_64_n_8_s,5/5,223.44,200.7,120.9,361.2,90.73289370454356,0.66889624,0.6529166,0.3628751,1.084331,0.27117504439930123,,,,,
dc66da77fcb62e0475e38850a6105819fb2f7df2,2026-03-25 19:32:44,transpose_64_M_64_N_1_cols_1_channels_64_m_64_n_8_s,5/5,200.85999999999999,195.5,94.7,295.9,84.79650936211938,0.097079896,0.08380424,0.05537428,0.1730969,0.0483110939068645,,,,,
dc66da77fcb62e0475e38850a6105819fb2f7df2,2026-03-25 19:32:44,weighted_rms_norm_1_cols_2_channels_1024_weights_1024,5/5,159.88,150.9,143.3,198.6,22.49048687778901,0.038964286,0.04071059,0.03093614,0.04287821,0.004777741069923107,,,,,
dc66da77fcb62e0475e38850a6105819fb2f7df2,2026-03-25 19:32:44,weighted_rms_norm_1_cols_2_channels_2048_weights_2048,5/5,212.0,208.4,165.9,247.0,34.1929086215256,0.059246888000000004,0.0589698,0.04974866,0.07405116,0.010034807053973189,,,,,
dc66da77fcb62e0475e38850a6105819fb2f7df2,2026-03-25 19:32:44,weighted_rms_norm_1_cols_2_channels_4096_weights_4096,5/5,193.7,196.0,151.9,242.0,35.5876383032086,0.1303755,0.1254005,0.1015559,0.1618198,0.02398673992698883,,,,,
dc66da77fcb62e0475e38850a6105819fb2f7df2,2026-03-25 19:32:44,weighted_rms_norm_2_cols_2_channels_1024_weights_512,5/5,207.34,188.6,149.5,273.2,48.5892272010988,0.02580356,0.02714897,0.01873895,0.03425014,0.006012925704035431,,,,,
dc66da77fcb62e0475e38850a6105819fb2f7df2,2026-03-25 19:32:44,weighted_rms_norm_2_cols_2_channels_2048_weights_1024,5/5,215.96,213.9,183.1,246.0,25.44608024824256,0.047956596000000004,0.04788146,0.0416179,0.05592405,0.005752764189381485,,,,,
dc66da77fcb62e0475e38850a6105819fb2f7df2,2026-03-25 19:32:44,weighted_rms_norm_2_cols_2_channels_4096_weights_2048,5/5,162.28,154.5,129.5,204.6,28.881516580678372,0.12932884,0.1325607,0.1001158,0.158194,0.022125373836909514,,,,,
dc66da77fcb62e0475e38850a6105819fb2f7df2,2026-03-25 19:32:44,weighted_rms_norm_2_cols_2_channels_8192_weights_4096,5/5,208.56,187.9,127.6,353.3,87.61993494633514,0.22098531999999999,0.2180186,0.1159235,0.3211191,0.07709983599092153,,,,,
dc66da77fcb62e0475e38850a6105819fb2f7df2,2026-03-25 19:32:44,weighted_rms_norm_4_cols_2_channels_1024_weights_256,5/5,229.6,187.6,181.2,405.8,98.56436983007603,0.022146044,0.02455826,0.01135567,0.02543073,0.00605102019083807,,,,,
dc66da77fcb62e0475e38850a6105819fb2f7df2,2026-03-25 19:32:44,weighted_rms_norm_4_cols_2_channels_2048_weights_512,5/5,209.66,198.6,177.6,263.7,36.64059224412181,0.044973136000000004,0.04640421,0.03495001,0.05188551,0.007317596108168312,,,,,
dc66da77fcb62e0475e38850a6105819fb2f7df2,2026-03-25 19:32:44,weighted_rms_norm_4_cols_2_channels_4096_weights_1024,5/5,197.96,184.3,101.3,332.8,85.67991596634535,0.107948656,0.1000122,0.05537923,0.1819045,0.04687126082503467,,,,,
dc66da77fcb62e0475e38850a6105819fb2f7df2,2026-03-25 19:32:44,weighted_rms_norm_4_cols_2_channels_8192_weights_2048,5/5,196.16,169.3,152.3,297.1,60.73317050838035,0.20005906,0.217773,0.1240922,0.24197,0.049778153239729575,,,,,
dc66da77fcb62e0475e38850a6105819fb2f7df2,2026-03-25 19:32:44,weighted_rms_norm_8_cols_2_channels_1024_weights_128,5/5,244.76,194.5,188.4,419.9,99.05669083913513,0.019486426,0.02236962,0.01036548,0.02310584,0.00531887940670589,,,,,
dc66da77fcb62e0475e38850a6105819fb2f7df2,2026-03-25 19:32:44,weighted_rms_norm_8_cols_2_channels_2048_weights_256,5/5,214.54,243.7,144.0,268.7,56.9885339344679,0.0432796,0.03572135,0.03239328,0.06044242,0.012803275229895276,,,,,
dc66da77fcb62e0475e38850a6105819fb2f7df2,2026-03-25 19:32:44,weighted_rms_norm_8_cols_2_channels_4096_weights_512,5/5,221.7,189.3,174.0,360.7,78.29984035743622,0.084330412,0.09195774,0.04825806,0.1000198,0.020729114050915685,,,,,
dc66da77fcb62e0475e38850a6105819fb2f7df2,2026-03-25 19:32:44,weighted_rms_norm_8_cols_2_channels_8192_weights_1024,5/5,196.32,191.2,164.0,237.5,26.495414697641554,0.17984918,0.1820809,0.1466153,0.2122513,0.023398223763931313,,,,,
