Commit,Date,Test,Checks,Bandwidth (mean),Bandwidth (median),Bandwidth (min),Bandwidth (max),Bandwidth (stddev),Throughput (mean),Throughput (median),Throughput (min),Throughput (max),Throughput (stddev),Latency (mean),Latency (median),Latency (min),Latency (max),Latency (stddev)
7e6b95b65dcb69d511057cd3d8b565db1e1227e6,2026-04-27 21:16:56,M_128-K_128-num_aie_columns_1-tile_size_input_32-tile_size_output_128,5/5,0.22260766,0.2069201,0.179153,0.2957066,0.04608462423436909,0.21918292,0.2037367,0.1763968,0.2911572,0.045375602008094616,,,,,
7e6b95b65dcb69d511057cd3d8b565db1e1227e6,2026-04-27 21:16:56,M_1792-K_896-N_1152-num_aie_columns_8-b_col_maj_False-c_col_maj_True-m_64-k_32-n_48-trace_size_0-partition_N_1,5/5,4.2846291999999995,4.175248,3.810279,5.029602,0.4548125546944586,1685.4270000000001,1642.4,1498.834,1978.474,178.9077989244739,2213.46,2252.4,1869.8,2468.2,219.16500176807426
7e6b95b65dcb69d511057cd3d8b565db1e1227e6,2026-04-27 21:16:56,M_192-K_384-N_64-num_aie_columns_4-b_col_maj_False-c_col_maj_False-m_48-k_96-n_16-trace_size_0-partition_N_1,5/5,0.909774,0.9714602,0.691985,1.109587,0.1890325832493436,38.817028,41.44897,29.52469,47.34239,8.065397952043037,252.28,227.7,199.3,319.6,55.372258397143256
7e6b95b65dcb69d511057cd3d8b565db1e1227e6,2026-04-27 21:16:56,M_192-K_384-N_64-num_aie_columns_4-b_col_maj_True-c_col_maj_True-m_48-k_96-n_16-trace_size_0-partition_N_1,5/5,0.94171772,0.9813477,0.6778111,1.140723,0.1793754896220133,40.17996,41.87084,28.91994,48.67087,7.6533583228312265,242.72,225.4,193.9,326.3,52.15138540825162
7e6b95b65dcb69d511057cd3d8b565db1e1227e6,2026-04-27 21:16:56,M_2048-K_2048-N_2048-num_aie_columns_1-b_col_maj_False-c_col_maj_False-m_64-k_64-n_64-trace_size_0-partition_N_1,5/5,0.51142476,0.5110246,0.5109023,0.5131799,0.0009831082458203611,349.13264,348.8595,348.7759,350.3308,0.6711278887067698,49207.44,49245.8,49039.0,49257.6,94.34939321479463
7e6b95b65dcb69d511057cd3d8b565db1e1227e6,2026-04-27 21:16:56,M_2048-K_2048-N_2048-num_aie_columns_2-b_col_maj_True-c_col_maj_False-m_64-k_64-n_64-trace_size_0-partition_N_1,5/5,0.8755448,0.8755589,0.8636354,0.8851909,0.008225196548107504,597.70526,597.7149,589.5751,604.2903,5.615064400610188,28745.08,28742.6,28429.8,29139.4,270.84023334800224
7e6b95b65dcb69d511057cd3d8b565db1e1227e6,2026-04-27 21:16:56,M_2048-K_2048-N_2048-num_aie_columns_8-b_col_maj_True-c_col_maj_True-m_64-k_64-n_64-trace_size_0-partition_N_1,5/5,3.2865112,3.308553,3.176775,3.342529,0.06658380538989932,2243.5918,2258.639,2168.679,2281.833,45.45435008005285,7659.88,7606.3,7529.0,7921.8,158.06320571214542
7e6b95b65dcb69d511057cd3d8b565db1e1227e6,2026-04-27 21:16:56,M_2048-K_8192-num_aie_columns_1-tile_size_input_1-tile_size_output_2048,5/5,12.606428000000001,12.56943,11.61866,13.21531,0.647032448853997,12.598736,12.56176,11.61157,13.20724,0.6466360928141888,,,,,
7e6b95b65dcb69d511057cd3d8b565db1e1227e6,2026-04-27 21:16:56,M_2048-K_8192-num_aie_columns_2-tile_size_input_1-tile_size_output_1024,5/5,24.538608,24.30613,23.01808,25.98386,1.1163117672809866,24.523642,24.29131,23.00404,25.96801,1.1156302441086832,,,,,
7e6b95b65dcb69d511057cd3d8b565db1e1227e6,2026-04-27 21:16:56,M_2048-K_8192-num_aie_columns_4-tile_size_input_1-tile_size_output_512,5/5,40.371724,40.68808,38.6978,41.93761,1.4565919907887717,40.347102,40.66327,38.6742,41.91203,1.4557031093152204,,,,,
7e6b95b65dcb69d511057cd3d8b565db1e1227e6,2026-04-27 21:16:56,M_2048-K_8192-num_aie_columns_8-tile_size_input_1-tile_size_output_256,5/5,44.188548,44.83931,42.2336,45.06058,1.1903693748874753,44.161595999999996,44.81196,42.20784,45.0331,1.1896440021619916,,,,,
7e6b95b65dcb69d511057cd3d8b565db1e1227e6,2026-04-27 21:16:56,M_2048-N_64-aie_columns_1-channels_1-m_64-n_64-s_8,5/5,2.7122668,2.559125,2.127723,3.643065,0.6467102647346801,,,,,,201.78,204.9,143.9,246.4,44.84648258224941
7e6b95b65dcb69d511057cd3d8b565db1e1227e6,2026-04-27 21:16:56,M_2048-N_64-aie_columns_1-channels_2-m_64-n_64-s_8,5/5,3.0537274,2.932096,2.577278,4.174999,0.6496905925490993,,,,,,176.92000000000002,178.8,125.6,203.4,30.982527333966807
7e6b95b65dcb69d511057cd3d8b565db1e1227e6,2026-04-27 21:16:56,M_384-K_1536-N_1792-num_aie_columns_4-b_col_maj_True-c_col_maj_False-m_32-k_48-n_64-trace_size_0-partition_N_1,5/5,3.5857356,3.570288,3.5053,3.667731,0.06151453191970158,940.33726,936.2862,919.2435,961.8401,16.13182174625668,2248.58,2257.8,2197.8,2299.6,38.54065386056644
7e6b95b65dcb69d511057cd3d8b565db1e1227e6,2026-04-27 21:16:56,M_64-K_512-N_256-num_aie_columns_4-b_col_maj_True-c_col_maj_False-m_16-k_64-n_64-trace_size_0-partition_N_4,5/5,0.39756334,0.3438414,0.3357297,0.4981533,0.08007057084505517,21.426572,18.53124,18.09407,26.84784,4.31537988328606,3229.16,3621.4,2499.6,3708.9,603.2234353869221
7e6b95b65dcb69d511057cd3d8b565db1e1227e6,2026-04-27 21:16:56,M_8192-K_2048-num_aie_columns_1-tile_size_input_4-tile_size_output_1024,5/5,13.003563999999999,13.16242,12.43944,13.43933,0.4637358163113993,12.995632,13.15439,12.43185,13.43113,0.46345572541506,,,,,
7e6b95b65dcb69d511057cd3d8b565db1e1227e6,2026-04-27 21:16:56,M_8192-K_2048-num_aie_columns_2-tile_size_input_4-tile_size_output_1024,5/5,24.49984,24.44979,23.71763,25.40336,0.6607485090032365,24.484896,24.43487,23.70316,25.38787,0.660348613105229,,,,,
7e6b95b65dcb69d511057cd3d8b565db1e1227e6,2026-04-27 21:16:56,M_8192-K_2048-num_aie_columns_4-tile_size_input_4-tile_size_output_1024,5/5,40.203858,39.89514,38.16016,42.96516,1.8557173593034042,40.179336,39.8708,38.13688,42.93896,1.8545898806151198,,,,,
7e6b95b65dcb69d511057cd3d8b565db1e1227e6,2026-04-27 21:16:56,M_8192-K_2048-num_aie_columns_8-tile_size_input_4-tile_size_output_1024,5/5,43.194426,43.14665,42.20493,44.18717,0.841713113673538,43.168078,43.12033,42.17919,44.16021,0.841197062269003,,,,,
7e6b95b65dcb69d511057cd3d8b565db1e1227e6,2026-04-27 21:16:56,M_896-K_1792-N_640-num_aie_columns_8-b_col_maj_False-c_col_maj_True-m_32-k_64-n_80-trace_size_0-partition_N_1,5/5,4.5783698,4.70446,3.62239,4.956263,0.5508097281831539,1414.5586,1453.516,1119.194,1531.314,170.18106211561852,1472.76,1414.0,1342.1,1836.3,206.80732095358712
7e6b95b65dcb69d511057cd3d8b565db1e1227e6,2026-04-27 21:16:56,embedding_dim_1024-hidden_dim_3584,5/5,0.00108,0.0011,0.001,0.0012,8.366600265340752e-05,,,,,,3804.206,3690.17,3507.94,4095.45,271.3233346581159
7e6b95b65dcb69d511057cd3d8b565db1e1227e6,2026-04-27 21:16:56,embedding_dim_2048-hidden_dim_2048,5/5,0.00198,0.002,0.0018,0.0021,0.00013038404810405293,,,,,,4127.098,4143.87,3831.27,4441.96,283.34677547132947
7e6b95b65dcb69d511057cd3d8b565db1e1227e6,2026-04-27 21:16:56,input_length_2048-num_aie_columns_1-num_channels_1-tile_size_2048,30/30,0.05146671466666666,0.049373774999999995,0.03501827,0.07168547,0.010265858772056961,,,,,,165.14333333333335,165.95,114.3,233.9,31.571349772171313
7e6b95b65dcb69d511057cd3d8b565db1e1227e6,2026-04-27 21:16:56,input_length_2048-num_aie_columns_1-num_channels_1-tile_size_2048-group_size_32,5/5,0.034681592,0.03313529,0.02857158,0.04287862,0.005874129019128708,,,,,,154.72,158.4,122.4,183.7,25.10511899991712
7e6b95b65dcb69d511057cd3d8b565db1e1227e6,2026-04-27 21:16:56,input_length_2048-num_aie_columns_1-num_channels_1-tile_size_2048-weighted_False,5/5,0.050854138,0.04568599,0.04164633,0.07506781,0.013710250449385305,,,,,,168.44,179.3,109.1,196.7,34.38034322109074
7e6b95b65dcb69d511057cd3d8b565db1e1227e6,2026-04-27 21:16:56,input_length_2048-num_aie_columns_1-num_channels_1-tile_size_2048-weighted_True,5/5,0.066228646,0.06714094,0.06129565,0.07187856,0.004607393363050302,,,,,,186.26,183.0,171.0,200.5,12.999346137402451
7e6b95b65dcb69d511057cd3d8b565db1e1227e6,2026-04-27 21:16:56,input_length_2048-num_aie_columns_1-num_channels_2-tile_size_1024,25/25,0.0503697856,0.04831841,0.03793119,0.06890635,0.007939618623815254,,,,,,166.304,169.5,118.9,216.0,24.689766436049304
7e6b95b65dcb69d511057cd3d8b565db1e1227e6,2026-04-27 21:16:56,input_length_2048-num_aie_columns_1-num_channels_2-tile_size_1024-group_size_32,5/5,0.033046026,0.0301192,0.0291114,0.0433504,0.006020725690303453,,,,,,162.44,174.2,121.1,180.3,24.95161317430198
7e6b95b65dcb69d511057cd3d8b565db1e1227e6,2026-04-27 21:16:56,input_length_2048-num_aie_columns_1-num_channels_2-tile_size_1024-weighted_False,5/5,0.05453658,0.05177928,0.04599431,0.06866377,0.009030055685390318,,,,,,153.28,158.2,119.3,178.1,23.253967403434626
7e6b95b65dcb69d511057cd3d8b565db1e1227e6,2026-04-27 21:16:56,input_length_2048-num_aie_columns_1-num_channels_2-tile_size_1024-weighted_True,5/5,0.063051856,0.05840282,0.05776923,0.07412609,0.007214828339838034,,,,,,164.0,175.3,138.1,177.3,17.467398203510452
7e6b95b65dcb69d511057cd3d8b565db1e1227e6,2026-04-27 21:16:56,input_length_2048-num_aie_columns_1-tile_size_2048,10/10,0.080869336,0.073591725,0.06010918,0.1052848,0.01658826298420275,,,,,,157.65,167.64999999999998,116.7,204.4,31.141299837282894
7e6b95b65dcb69d511057cd3d8b565db1e1227e6,2026-04-27 21:16:56,input_length_2048-num_aie_columns_1-tile_size_2048-scalar_factor_3.0,5/5,0.068915432,0.06754766,0.05820359,0.08099237,0.010200073303382184,,,,,,181.44,181.9,151.7,211.1,26.585108613658143
7e6b95b65dcb69d511057cd3d8b565db1e1227e6,2026-04-27 21:16:56,input_length_2048-num_aie_columns_2-num_channels_1-tile_size_1024,30/30,0.047677804666666664,0.047166719999999995,0.02863395,0.06563734,0.00839726315532369,,,,,,177.45666666666668,173.7,124.8,286.1,34.1695638244626
7e6b95b65dcb69d511057cd3d8b565db1e1227e6,2026-04-27 21:16:56,input_length_2048-num_aie_columns_2-num_channels_1-tile_size_1024-group_size_32,5/5,0.028458898,0.02900024,0.02214066,0.03222222,0.0037771021573449674,,,,,,187.46,181.0,162.9,237.0,28.70162016332876
7e6b95b65dcb69d511057cd3d8b565db1e1227e6,2026-04-27 21:16:56,input_length_2048-num_aie_columns_2-num_channels_1-tile_size_1024-weighted_False,5/5,0.049112674,0.04330748,0.03276472,0.06773047,0.017231553146257017,,,,,,183.85999999999999,189.2,121.0,250.0,61.31596855632307
7e6b95b65dcb69d511057cd3d8b565db1e1227e6,2026-04-27 21:16:56,input_length_2048-num_aie_columns_2-num_channels_1-tile_size_1024-weighted_True,5/5,0.055812388,0.05278677,0.0454489,0.07038478,0.010113134826757228,,,,,,188.1,194.0,145.5,225.3,32.22475756309115
7e6b95b65dcb69d511057cd3d8b565db1e1227e6,2026-04-27 21:16:56,input_length_2048-num_aie_columns_2-num_channels_2-tile_size_512,25/25,0.0487149192,0.04743541,0.02158738,0.07996564,0.013060169763180378,,,,,,180.856,172.7,102.4,379.5,55.52924214621818
7e6b95b65dcb69d511057cd3d8b565db1e1227e6,2026-04-27 21:16:56,input_length_2048-num_aie_columns_2-num_channels_2-tile_size_512-group_size_32,5/5,0.03137508,0.0315163,0.0254372,0.03778149,0.004702035317131295,,,,,,170.32,166.5,138.9,206.3,25.754067639889435
7e6b95b65dcb69d511057cd3d8b565db1e1227e6,2026-04-27 21:16:56,input_length_2048-num_aie_columns_2-num_channels_2-tile_size_512-weighted_False,5/5,0.045630874,0.04702884,0.02932826,0.05476155,0.01019009405373081,,,,,,188.84,174.2,149.6,279.3,52.90182416514577
7e6b95b65dcb69d511057cd3d8b565db1e1227e6,2026-04-27 21:16:56,input_length_2048-num_aie_columns_2-num_channels_2-tile_size_512-weighted_True,5/5,0.045900514,0.04625368,0.0401191,0.05540926,0.006040494801047345,,,,,,203.38,199.2,166.3,229.7,25.058671153913963
7e6b95b65dcb69d511057cd3d8b565db1e1227e6,2026-04-27 21:16:56,input_length_2048-num_aie_columns_2-tile_size_1024,10/10,0.085687761,0.07710214,0.06200205,0.1140259,0.017587549839663062,,,,,,148.79,159.35,107.8,198.2,29.531130467130218
7e6b95b65dcb69d511057cd3d8b565db1e1227e6,2026-04-27 21:16:56,input_length_2048-num_aie_columns_2-tile_size_1024-scalar_factor_3.0,5/5,0.057793408,0.06200205,0.04167401,0.06437788,0.009269017023947038,,,,,,218.2,198.2,190.9,294.9,43.469414534819755
7e6b95b65dcb69d511057cd3d8b565db1e1227e6,2026-04-27 21:16:56,input_length_2048-num_aie_columns_4-num_channels_1-tile_size_512,30/30,0.04867266433333333,0.04703326,0.02546701,0.08285795,0.0116520206048191,,,,,,177.70666666666668,174.2,98.9,321.7,43.55039042014579
7e6b95b65dcb69d511057cd3d8b565db1e1227e6,2026-04-27 21:16:56,input_length_2048-num_aie_columns_4-num_channels_1-tile_size_512-group_size_32,5/5,0.034625926,0.03396918,0.02930697,0.0386226,0.004003043282270378,,,,,,153.26,154.5,135.9,179.1,18.168874483577675
7e6b95b65dcb69d511057cd3d8b565db1e1227e6,2026-04-27 21:16:56,input_length_2048-num_aie_columns_4-num_channels_1-tile_size_512-weighted_False,5/5,0.048156331999999996,0.0465735,0.03698403,0.06059306,0.009989806585668714,,,,,,176.1,175.9,135.2,221.5,36.267271747403335
7e6b95b65dcb69d511057cd3d8b565db1e1227e6,2026-04-27 21:16:56,input_length_2048-num_aie_columns_4-num_channels_1-tile_size_512-weighted_True,5/5,0.046722686,0.04612843,0.04157888,0.0519422,0.0038432215282013095,,,,,,198.32,199.8,177.4,221.7,16.431889726991226
7e6b95b65dcb69d511057cd3d8b565db1e1227e6,2026-04-27 21:16:56,input_length_2048-num_aie_columns_4-num_channels_2-tile_size_256,25/25,0.0437233392,0.04321815,0.02727112,0.06258738,0.009198717950429704,,,,,,196.208,189.6,130.9,300.4,45.261360636492874
7e6b95b65dcb69d511057cd3d8b565db1e1227e6,2026-04-27 21:16:56,input_length_2048-num_aie_columns_4-num_channels_2-tile_size_256-group_size_32,5/5,0.028912764,0.02752371,0.02527634,0.0337894,0.003555454942089688,,,,,,183.64,190.7,155.3,207.6,21.752884866150506
7e6b95b65dcb69d511057cd3d8b565db1e1227e6,2026-04-27 21:16:56,input_length_2048-num_aie_columns_4-num_channels_2-tile_size_256-weighted_False,5/5,0.042970624,0.0411435,0.0375083,0.05103573,0.005161845171886697,,,,,,192.72,199.1,160.5,218.4,21.817011711047876
7e6b95b65dcb69d511057cd3d8b565db1e1227e6,2026-04-27 21:16:56,input_length_2048-num_aie_columns_4-num_channels_2-tile_size_256-weighted_True,5/5,0.04070021,0.03884587,0.02660781,0.05088719,0.00991444492517105,,,,,,225.84,224.1,171.0,327.1,62.864680067586455
7e6b95b65dcb69d511057cd3d8b565db1e1227e6,2026-04-27 21:16:56,input_length_2048-num_aie_columns_4-tile_size_512,10/10,0.07687084599999999,0.073451195,0.052808,0.09678563,0.013377744771596676,,,,,,164.6,167.3,127.0,232.7,31.018453289041418
7e6b95b65dcb69d511057cd3d8b565db1e1227e6,2026-04-27 21:16:56,input_length_2048-num_aie_columns_4-tile_size_512-scalar_factor_3.0,5/5,0.055786116000000004,0.05740259,0.04449675,0.06250795,0.007535613444344131,,,,,,223.85999999999999,214.1,196.6,276.2,33.06173014226569
7e6b95b65dcb69d511057cd3d8b565db1e1227e6,2026-04-27 21:16:56,input_length_2048-num_aie_columns_8-num_channels_1-tile_size_256,30/30,0.041480265,0.041600185,0.02504571,0.05999312,0.009215174395150249,,,,,,207.66,196.95,136.5,327.1,48.85934492199928
7e6b95b65dcb69d511057cd3d8b565db1e1227e6,2026-04-27 21:16:56,input_length_2048-num_aie_columns_8-num_channels_1-tile_size_256-group_size_32,5/5,0.031003916,0.0309248,0.02842118,0.03367643,0.0021115337265196596,,,,,,169.9,169.7,155.8,184.7,11.598922363737065
7e6b95b65dcb69d511057cd3d8b565db1e1227e6,2026-04-27 21:16:56,input_length_2048-num_aie_columns_8-num_channels_1-tile_size_256-weighted_False,5/5,0.04051543,0.04527368,0.02740918,0.046677,0.008324224013299979,,,,,,210.8,180.9,175.5,298.9,52.764381925689214
7e6b95b65dcb69d511057cd3d8b565db1e1227e6,2026-04-27 21:16:56,input_length_2048-num_aie_columns_8-num_channels_1-tile_size_256-weighted_True,5/5,0.045295554,0.04631586,0.02902107,0.06484634,0.015086401701952657,,,,,,210.98,187.9,134.2,299.9,72.05495819164702
7e6b95b65dcb69d511057cd3d8b565db1e1227e6,2026-04-27 21:16:56,input_length_2048-num_aie_columns_8-num_channels_2-tile_size_128,25/25,0.0366509948,0.03654272,0.02452217,0.06310956,0.007600849459096726,,,,,,231.516,224.2,129.8,334.1,42.501143906174256
7e6b95b65dcb69d511057cd3d8b565db1e1227e6,2026-04-27 21:16:56,input_length_2048-num_aie_columns_8-num_channels_2-tile_size_128-group_size_32,5/5,0.022966874,0.02296075,0.02076516,0.02454102,0.0014105694638265778,,,,,,229.22,228.6,213.8,252.7,14.642813937218481
7e6b95b65dcb69d511057cd3d8b565db1e1227e6,2026-04-27 21:16:56,input_length_2048-num_aie_columns_8-num_channels_2-tile_size_128-weighted_False,5/5,0.036928736000000004,0.03450542,0.03318628,0.04591697,0.005223758792376425,,,,,,224.94,237.4,178.4,246.8,27.67612689665951
7e6b95b65dcb69d511057cd3d8b565db1e1227e6,2026-04-27 21:16:56,input_length_2048-num_aie_columns_8-tile_size_256,10/10,0.064268476,0.06181636,0.03779086,0.09254894,0.021420713029479562,,,,,,212.18,198.75,132.8,325.2,71.5139737704768
7e6b95b65dcb69d511057cd3d8b565db1e1227e6,2026-04-27 21:16:56,input_length_2048-num_aie_columns_8-tile_size_256-scalar_factor_3.0,5/5,0.051824122,0.05375469,0.03712734,0.06719969,0.01185025053688613,,,,,,247.78,228.6,182.9,331.0,59.0915137731299
7e6b95b65dcb69d511057cd3d8b565db1e1227e6,2026-04-27 21:16:56,input_length_2048-num_cores_1-num_channels_1-bypass_False-tile_size_2048,5/5,0.044900702,0.04501445,0.0408088,0.04846735,0.0033416877688931383,,,,,,183.26,182.0,169.0,200.7,13.760014534876044
7e6b95b65dcb69d511057cd3d8b565db1e1227e6,2026-04-27 21:16:56,input_length_2048-num_cores_16-num_channels_2-bypass_False-tile_size_128,5/5,0.03749246,0.03556528,0.02655197,0.05147572,0.009042184408927414,,,,,,228.56,230.3,159.1,308.5,53.7685595864349
7e6b95b65dcb69d511057cd3d8b565db1e1227e6,2026-04-27 21:16:56,input_length_2048-num_cores_2-num_channels_1-bypass_False-tile_size_1024,5/5,0.052446306000000005,0.05110577,0.04638863,0.06414432,0.007279859120651307,,,,,,158.42000000000002,160.3,127.7,176.6,20.15556994976823
7e6b95b65dcb69d511057cd3d8b565db1e1227e6,2026-04-27 21:16:56,input_length_2048-num_cores_2-num_channels_2-bypass_False-tile_size_1024,5/5,0.044852424,0.04373125,0.03896332,0.0540876,0.005601257527451312,,,,,,184.74,187.3,151.5,210.2,21.24907056790955
7e6b95b65dcb69d511057cd3d8b565db1e1227e6,2026-04-27 21:16:56,input_length_2048-num_cores_4-num_channels_1-bypass_False-tile_size_512,5/5,0.039926994,0.03968377,0.03784865,0.04286918,0.0018298512913704225,,,,,,205.5,206.4,191.1,216.4,9.149590154755572
7e6b95b65dcb69d511057cd3d8b565db1e1227e6,2026-04-27 21:16:56,input_length_2048-num_cores_4-num_channels_2-bypass_False-tile_size_512,5/5,0.04274958,0.03843032,0.03722824,0.05401627,0.007140023051072733,,,,,,195.54,213.2,151.7,220.0,29.23359368945255
7e6b95b65dcb69d511057cd3d8b565db1e1227e6,2026-04-27 21:16:56,input_length_2048-num_cores_8-num_channels_1-bypass_False-tile_size_256,5/5,0.042172936,0.04367273,0.03792768,0.04527893,0.003368539746897757,,,,,,195.28,187.6,180.9,216.0,16.057615015935585
7e6b95b65dcb69d511057cd3d8b565db1e1227e6,2026-04-27 21:16:56,input_length_2048-num_cores_8-num_channels_2-bypass_False-tile_size_256,5/5,0.041939478,0.04132636,0.03753081,0.05170705,0.005796707121950357,,,,,,198.0,198.2,158.4,218.3,24.398258134547227
7e6b95b65dcb69d511057cd3d8b565db1e1227e6,2026-04-27 21:16:56,input_length_32768-num_aie_columns_2-num_channels_2-tile_size_1024,5/5,0.64297732,0.6063348,0.5480401,0.7484141,0.08376692348538889,,,,,,206.6,216.2,175.1,239.2,26.422812113777745
7e6b95b65dcb69d511057cd3d8b565db1e1227e6,2026-04-27 21:16:56,input_length_32768-num_aie_columns_2-num_channels_2-tile_size_2048,5/5,0.67743434,0.6756672,0.6114374,0.7859589,0.07223491151785957,,,,,,195.20000000000002,194.0,166.8,214.4,19.97010265371713
7e6b95b65dcb69d511057cd3d8b565db1e1227e6,2026-04-27 21:16:56,input_length_32768-num_aie_columns_2-num_channels_2-tile_size_512,5/5,0.68364376,0.6338319,0.6070087,0.8428742,0.10151532279014831,,,,,,194.84,206.8,155.5,215.9,26.29958174572364
7e6b95b65dcb69d511057cd3d8b565db1e1227e6,2026-04-27 21:16:56,rows_32-cols_512-angle_rows_32-aie_columns_1-method_type_0,5/5,0.62269628,0.5570421,0.5191656,0.8882624,0.15242393313452124,,,,,,164.04000000000002,176.5,110.7,189.3,31.64123891379729
7e6b95b65dcb69d511057cd3d8b565db1e1227e6,2026-04-27 21:16:56,rows_32-cols_512-angle_rows_32-aie_columns_2-method_type_0,5/5,0.53828606,0.5851115,0.379094,0.6372907,0.10419464694399132,,,,,,189.20000000000002,168.0,154.3,259.3,42.863854236407626
7e6b95b65dcb69d511057cd3d8b565db1e1227e6,2026-04-27 21:16:56,rows_32-cols_512-angle_rows_32-aie_columns_4-method_type_0,5/5,0.51173962,0.5148073,0.3124849,0.6941932,0.13919130067187027,,,,,,205.88,191.0,141.6,314.6,65.59124941636652
7e6b95b65dcb69d511057cd3d8b565db1e1227e6,2026-04-27 21:16:56,rows_32-cols_512-angle_rows_32-aie_columns_8-method_type_0,5/5,0.51702912,0.5010346,0.4429465,0.6041706,0.07224964899490516,,,,,,193.07999999999998,196.2,162.7,221.9,26.47719773692073
7e6b95b65dcb69d511057cd3d8b565db1e1227e6,2026-04-27 21:16:56,rows_32-cols_512-angle_rows_8-aie_columns_1-method_type_0,5/5,0.43313716,0.424456,0.3672957,0.4916347,0.047614938819954385,,,,,,171.92,173.7,150.0,200.7,19.414479132853394
7e6b95b65dcb69d511057cd3d8b565db1e1227e6,2026-04-27 21:16:56,rows_32-cols_512-angle_rows_8-aie_columns_2-method_type_0,5/5,0.44333738,0.4634853,0.3330969,0.5687748,0.09139872419846462,,,,,,172.14000000000001,159.1,129.6,221.3,35.9910127670784
7e6b95b65dcb69d511057cd3d8b565db1e1227e6,2026-04-27 21:16:56,rows_32-cols_512-angle_rows_8-aie_columns_4-method_type_0,5/5,0.4050962,0.4039957,0.3072947,0.4999186,0.07061074930678049,,,,,,186.72,182.5,147.5,239.9,34.30629679810982
7e6b95b65dcb69d511057cd3d8b565db1e1227e6,2026-04-27 21:16:56,rows_32-cols_512-angle_rows_8-aie_columns_8-method_type_0,5/5,0.4273079,0.3720686,0.3523828,0.636184,0.11868535203402313,,,,,,180.92,198.2,115.9,209.2,37.90259885548746
7e6b95b65dcb69d511057cd3d8b565db1e1227e6,2026-04-27 21:16:56,seq_len_16384-dim_64-num_heads_1-num_pipelines_8-num_kv_heads_0,5/5,0.20603204,0.2062037,0.205267,0.2067347,0.0006801438472852597,,,,,,40715.44,40681.2,40576.7,40866.8,134.4811622495884
7e6b95b65dcb69d511057cd3d8b565db1e1227e6,2026-04-27 21:16:56,seq_len_256-embedding_dim_2048-hidden_dim_2048-prio_accuracy_False,5/5,0.19734000000000002,0.1471,0.1431,0.2777,0.07196654083669717,,,,,,11728.074,14252.43,7552.83,14658.59,3776.0910777191275
