Commit,Date,Test Path,Test,Checks,Latency (mean),Latency (median),Latency (min),Latency (max),Latency (stddev),Bandwidth (mean),Bandwidth (median),Bandwidth (min),Bandwidth (max),Bandwidth (stddev),Throughput (mean),Throughput (median),Throughput (min),Throughput (max),Throughput (stddev)
480e1e0928d15302e781b88602b5b1b30ce263de,2026-08-28 22:00:11,iron/operators/axpy/test.py::test_axpy,input_length_2048-num_aie_columns_1-tile_size_2048-scalar_factor_3.0,5/5,193.94,184.3,162.4,227.8,31.91007677834699,0.064713266,0.06666305,0.05393164,0.07564686,0.01036349459162931,,,,,
480e1e0928d15302e781b88602b5b1b30ce263de,2026-08-28 22:00:11,iron/operators/axpy/test.py::test_axpy,input_length_2048-num_aie_columns_2-tile_size_1024-scalar_factor_3.0,5/5,174.72,168.8,155.3,197.6,16.154163549995392,0.070803284,0.07279578,0.06218749,0.07913192,0.00643442439615464,,,,,
480e1e0928d15302e781b88602b5b1b30ce263de,2026-08-28 22:00:11,iron/operators/axpy/test.py::test_axpy,input_length_2048-num_aie_columns_4-tile_size_512-scalar_factor_3.0,5/5,170.74,171.9,123.3,203.0,29.56354173640229,0.074038806,0.07149299,0.06051801,0.09969575,0.01507992598435019,,,,,
480e1e0928d15302e781b88602b5b1b30ce263de,2026-08-28 22:00:11,iron/operators/axpy/test.py::test_axpy,input_length_2048-num_aie_columns_8-tile_size_256-scalar_factor_3.0,5/5,203.16,217.3,160.3,225.6,26.990609478112933,0.061464384,0.0565397,0.05447316,0.07667779,0.009215705279832356,,,,,
480e1e0928d15302e781b88602b5b1b30ce263de,2026-08-28 22:00:11,iron/operators/dequant/test.py::test_dequant,input_length_2048-num_aie_columns_1-num_channels_1-tile_size_2048-group_size_32,5/5,167.22,161.4,154.0,200.3,19.117975834277022,0.03167681,0.03251811,0.02620175,0.03406841,0.003219409621009728,,,,,
480e1e0928d15302e781b88602b5b1b30ce263de,2026-08-28 22:00:11,iron/operators/dequant/test.py::test_dequant,input_length_2048-num_aie_columns_1-num_channels_2-tile_size_1024-group_size_32,5/5,193.92,183.8,156.7,242.3,32.44143954882398,0.027649206,0.02854656,0.02165803,0.03348882,0.004434912732008376,,,,,
480e1e0928d15302e781b88602b5b1b30ce263de,2026-08-28 22:00:11,iron/operators/dequant/test.py::test_dequant,input_length_2048-num_aie_columns_2-num_channels_1-tile_size_1024-group_size_32,5/5,186.3,176.5,146.9,263.8,46.503279454249245,0.029390242,0.02973607,0.01989295,0.03572766,0.00619448214823241,,,,,
480e1e0928d15302e781b88602b5b1b30ce263de,2026-08-28 22:00:11,iron/operators/dequant/test.py::test_dequant,input_length_2048-num_aie_columns_2-num_channels_2-tile_size_512-group_size_32,5/5,172.22,179.8,129.2,209.3,30.833699096929653,0.031334564,0.02918929,0.02507537,0.0406236,0.006070273151813682,,,,,
480e1e0928d15302e781b88602b5b1b30ce263de,2026-08-28 22:00:11,iron/operators/dequant/test.py::test_dequant,input_length_2048-num_aie_columns_4-num_channels_1-tile_size_512-group_size_32,5/5,173.04,174.4,138.4,217.2,29.966447904281207,0.03104293,0.0300914,0.02415939,0.03791004,0.0052314206093708425,,,,,
480e1e0928d15302e781b88602b5b1b30ce263de,2026-08-28 22:00:11,iron/operators/dequant/test.py::test_dequant,input_length_2048-num_aie_columns_4-num_channels_2-tile_size_256-group_size_32,5/5,185.32,199.1,116.8,212.7,38.758573245154416,0.029743174,0.0263561,0.02467731,0.04493843,0.008525870692928084,,,,,
480e1e0928d15302e781b88602b5b1b30ce263de,2026-08-28 22:00:11,iron/operators/dequant/test.py::test_dequant,input_length_2048-num_aie_columns_8-num_channels_1-tile_size_256-group_size_32,5/5,188.94,193.6,137.1,217.7,32.55968365939694,0.02856347,0.02710212,0.02410502,0.03828114,0.005773273010684666,,,,,
480e1e0928d15302e781b88602b5b1b30ce263de,2026-08-28 22:00:11,iron/operators/dequant/test.py::test_dequant,input_length_2048-num_aie_columns_8-num_channels_2-tile_size_128-group_size_32,5/5,230.0,222.3,217.1,252.9,15.58172005909489,0.02289824,0.02360636,0.02075531,0.02417063,0.001492390837532179,,,,,
480e1e0928d15302e781b88602b5b1b30ce263de,2026-08-28 22:00:11,iron/operators/elementwise_add/test.py::test_elementwise_add,input_length_2048-num_aie_columns_1-tile_size_2048,5/5,170.68,180.1,142.5,197.9,23.047169023548207,0.073094014,0.06824316,0.06207722,0.08625458,0.010186304194072546,,,,,
480e1e0928d15302e781b88602b5b1b30ce263de,2026-08-28 22:00:11,iron/operators/elementwise_add/test.py::test_elementwise_add,input_length_2048-num_aie_columns_2-tile_size_1024,5/5,172.72,165.2,156.1,195.8,16.189718959883162,0.071632634,0.07440328,0.06276657,0.07872533,0.006476038183390369,,,,,
480e1e0928d15302e781b88602b5b1b30ce263de,2026-08-28 22:00:11,iron/operators/elementwise_add/test.py::test_elementwise_add,input_length_2048-num_aie_columns_4-tile_size_512,5/5,166.35999999999999,157.5,133.2,229.6,38.03344580760465,0.076570444,0.07802945,0.05351287,0.09228412,0.014979152039687695,,,,,
480e1e0928d15302e781b88602b5b1b30ce263de,2026-08-28 22:00:11,iron/operators/elementwise_add/test.py::test_elementwise_add,input_length_2048-num_aie_columns_8-tile_size_256,5/5,194.52,178.7,149.6,235.3,37.23374813257457,0.065077138,0.06876714,0.05222558,0.08215826,0.012528643450678128,,,,,
480e1e0928d15302e781b88602b5b1b30ce263de,2026-08-28 22:00:11,iron/operators/elementwise_mul/test.py::test_elementwise_mul,input_length_2048-num_aie_columns_1-tile_size_2048,5/5,154.82,156.6,134.5,185.4,20.460742899513697,0.080429738,0.0784529,0.06626295,0.09133615,0.010183494687363962,,,,,
480e1e0928d15302e781b88602b5b1b30ce263de,2026-08-28 22:00:11,iron/operators/elementwise_mul/test.py::test_elementwise_mul,input_length_2048-num_aie_columns_2-tile_size_1024,5/5,159.64000000000001,159.9,145.7,174.0,10.035337562832655,0.077209132,0.07684082,0.07062028,0.08432148,0.004863426164353689,,,,,
480e1e0928d15302e781b88602b5b1b30ce263de,2026-08-28 22:00:11,iron/operators/elementwise_mul/test.py::test_elementwise_mul,input_length_2048-num_aie_columns_4-tile_size_512,5/5,180.32,176.8,138.9,246.2,40.148561618070445,0.07059324,0.06949204,0.04991307,0.08849583,0.014018051253490978,,,,,
480e1e0928d15302e781b88602b5b1b30ce263de,2026-08-28 22:00:11,iron/operators/elementwise_mul/test.py::test_elementwise_mul,input_length_2048-num_aie_columns_8-tile_size_256,5/5,215.9,195.0,179.3,310.5,54.23296967712537,0.059249447999999996,0.06302476,0.03957093,0.06854427,0.01167332577311282,,,,,
480e1e0928d15302e781b88602b5b1b30ce263de,2026-08-28 22:00:11,iron/operators/gelu/test.py::test_gelu,input_length_2048-num_aie_columns_1-num_channels_1-tile_size_2048,5/5,146.22,131.5,124.2,187.1,26.70462506757958,0.05740065,0.0622961,0.04377799,0.06595973,0.009458459415176975,,,,,
480e1e0928d15302e781b88602b5b1b30ce263de,2026-08-28 22:00:11,iron/operators/gelu/test.py::test_gelu,input_length_2048-num_aie_columns_1-num_channels_2-tile_size_1024,5/5,155.8,150.6,137.8,188.6,21.068578499746963,0.053290246,0.05438275,0.04342456,0.05944718,0.006696689717474597,,,,,
480e1e0928d15302e781b88602b5b1b30ce263de,2026-08-28 22:00:11,iron/operators/gelu/test.py::test_gelu,input_length_2048-num_aie_columns_2-num_channels_1-tile_size_1024,5/5,161.14,146.7,135.4,206.6,29.850092127161012,0.052134992,0.05584985,0.03964517,0.06052099,0.008759170264541042,,,,,
480e1e0928d15302e781b88602b5b1b30ce263de,2026-08-28 22:00:11,iron/operators/gelu/test.py::test_gelu,input_length_2048-num_aie_columns_2-num_channels_2-tile_size_512,5/5,189.76,162.5,137.7,331.9,80.14697748511792,0.047628306,0.05040021,0.02468206,0.05947351,0.01337990767444716,,,,,
480e1e0928d15302e781b88602b5b1b30ce263de,2026-08-28 22:00:11,iron/operators/gelu/test.py::test_gelu,input_length_2048-num_aie_columns_4-num_channels_1-tile_size_512,5/5,175.16,177.2,164.4,186.6,8.874288703890578,0.046865538,0.04623625,0.04389551,0.04982574,0.002376316101104819,,,,,
480e1e0928d15302e781b88602b5b1b30ce263de,2026-08-28 22:00:11,iron/operators/gelu/test.py::test_gelu,input_length_2048-num_aie_columns_4-num_channels_2-tile_size_256,5/5,194.4,204.6,154.1,208.6,23.009671879451044,0.042696454,0.04003519,0.03926437,0.0531627,0.005925625207666276,,,,,
480e1e0928d15302e781b88602b5b1b30ce263de,2026-08-28 22:00:11,iron/operators/gelu/test.py::test_gelu,input_length_2048-num_aie_columns_8-num_channels_1-tile_size_256,5/5,169.4,175.6,129.3,207.7,29.66749062526185,0.049628216,0.04665839,0.03944055,0.06334331,0.009158244411784389,,,,,
480e1e0928d15302e781b88602b5b1b30ce263de,2026-08-28 22:00:11,iron/operators/gelu/test.py::test_gelu,input_length_2048-num_aie_columns_8-num_channels_2-tile_size_128,5/5,184.6,185.1,153.7,205.7,19.658077220318372,0.044812664,0.04424927,0.03982479,0.05329101,0.005164287002944356,,,,,
480e1e0928d15302e781b88602b5b1b30ce263de,2026-08-28 22:00:11,iron/operators/gemm/test.py::test_gemm,M_1792-K_896-N_1152-num_aie_columns_8-b_col_maj_False-c_col_maj_True-m_64-k_32-n_48-trace_size_0-partition_N_1,5/5,2489.34,2656.3,2106.3,2789.3,302.0303014599694,3.8249632,3.540439,3.371631,4.464943,0.4856396789968876,1504.6098,1392.688,1326.284,1756.356,191.03412954024725
480e1e0928d15302e781b88602b5b1b30ce263de,2026-08-28 22:00:11,iron/operators/gemm/test.py::test_gemm,M_192-K_384-N_64-num_aie_columns_4-b_col_maj_False-c_col_maj_False-m_48-k_96-n_16-trace_size_0-partition_N_1,5/5,246.57999999999998,235.7,223.2,310.4,36.444025573473624,0.91055994,0.9385008,0.712575,0.9910343,0.11490775230691795,38.850558,40.0427,30.4032,42.28413,4.902730718871883
480e1e0928d15302e781b88602b5b1b30ce263de,2026-08-28 22:00:11,iron/operators/gemm/test.py::test_gemm,M_192-K_384-N_64-num_aie_columns_4-b_col_maj_True-c_col_maj_True-m_48-k_96-n_16-trace_size_0-partition_N_1,5/5,262.78000000000003,225.8,171.7,379.1,90.97305645079757,0.92368188,0.9796439,0.5834727,1.288148,0.30055566430474573,39.410426,41.79814,24.89484,54.96097,12.82370493223117
480e1e0928d15302e781b88602b5b1b30ce263de,2026-08-28 22:00:11,iron/operators/gemm/test.py::test_gemm,M_2048-K_2048-N_2048-num_aie_columns_1-b_col_maj_False-c_col_maj_False-m_64-k_64-n_64-trace_size_0-partition_N_1,5/5,48385.52,48462.3,47975.6,48612.4,240.9340718951981,0.52012126,0.5192871,0.517683,0.5245549,0.002603087501986844,355.06944,354.5,353.4049,358.0962,1.777074613796509
480e1e0928d15302e781b88602b5b1b30ce263de,2026-08-28 22:00:11,iron/operators/gemm/test.py::test_gemm,M_2048-K_2048-N_2048-num_aie_columns_2-b_col_maj_True-c_col_maj_False-m_64-k_64-n_64-trace_size_0-partition_N_1,5/5,28099.3,28116.1,27892.8,28274.7,144.96494403820563,0.89562218,0.895069,0.8900459,0.9022343,0.004627692529436262,611.41142,611.0338,607.6047,615.9253,3.1591644935014154
480e1e0928d15302e781b88602b5b1b30ce263de,2026-08-28 22:00:11,iron/operators/gemm/test.py::test_gemm,M_2048-K_2048-N_2048-num_aie_columns_8-b_col_maj_True-c_col_maj_True-m_64-k_64-n_64-trace_size_0-partition_N_1,5/5,7691.58,7729.7,7264.2,7923.7,267.12309334836635,3.2751176,3.255739,3.176015,3.46436,0.11684800055542247,2235.8138,2222.585,2168.16,2365.003,79.76803687380064
480e1e0928d15302e781b88602b5b1b30ce263de,2026-08-28 22:00:11,iron/operators/gemm/test.py::test_gemm,M_384-K_1536-N_1792-num_aie_columns_4-b_col_maj_True-c_col_maj_False-m_32-k_48-n_64-trace_size_0-partition_N_1,5/5,2272.14,2242.0,1921.9,2704.8,282.3102601748651,3.5905266,3.595391,2.980245,4.194212,0.4341421960847621,941.5938,942.8694,781.5511,1099.907,113.85130915595566
480e1e0928d15302e781b88602b5b1b30ce263de,2026-08-28 22:00:11,iron/operators/gemm/test.py::test_gemm,M_64-K_512-N_256-num_aie_columns_4-b_col_maj_True-c_col_maj_False-m_16-k_64-n_64-trace_size_0-partition_N_4,5/5,3502.7400000000002,3796.3,2115.2,4030.3,782.9971794329787,0.3766936,0.3279964,0.3089579,0.5886741,0.11882361318134539,20.301804,17.67728,16.65121,31.72644,6.4039686532282465
480e1e0928d15302e781b88602b5b1b30ce263de,2026-08-28 22:00:11,iron/operators/gemm/test.py::test_gemm,M_896-K_1792-N_640-num_aie_columns_8-b_col_maj_False-c_col_maj_True-m_32-k_64-n_80-trace_size_0-partition_N_1,5/5,1531.66,1423.7,1375.4,1866.7,206.62292467197338,4.400648,4.6724,3.563432,4.836384,0.536327711282943,1359.6482,1443.61,1100.977,1494.276,165.7068636423971
480e1e0928d15302e781b88602b5b1b30ce263de,2026-08-28 22:00:11,iron/operators/gemv/test.py::test_gemv,M_128-K_128-num_aie_columns_1-tile_size_input_32-tile_size_output_128,5/5,,,,,,0.165224178,0.1775625,0.09230419,0.211315,0.045664231819520625,0.162682246,0.1748307,0.09088413,0.208064,0.04496170334769447
480e1e0928d15302e781b88602b5b1b30ce263de,2026-08-28 22:00:11,iron/operators/gemv/test.py::test_gemv,M_2048-K_8192-num_aie_columns_1-tile_size_input_1-tile_size_output_2048,5/5,,,,,,12.878498,13.07023,11.9722,13.6949,0.6431513956449134,12.87064,13.06225,11.96489,13.68655,0.6427617158792208
480e1e0928d15302e781b88602b5b1b30ce263de,2026-08-28 22:00:11,iron/operators/gemv/test.py::test_gemv,M_2048-K_8192-num_aie_columns_2-tile_size_input_1-tile_size_output_1024,5/5,,,,,,23.61494,23.92601,21.81083,24.46416,1.054390069471446,23.600535999999998,23.91141,21.79752,24.44924,1.053750610880013
480e1e0928d15302e781b88602b5b1b30ce263de,2026-08-28 22:00:11,iron/operators/gemv/test.py::test_gemv,M_2048-K_8192-num_aie_columns_4-tile_size_input_1-tile_size_output_512,5/5,,,,,,40.259852,40.32369,38.54675,41.33793,1.148724756118713,40.235292,40.29909,38.52324,41.31271,1.1480213010741565
480e1e0928d15302e781b88602b5b1b30ce263de,2026-08-28 22:00:11,iron/operators/gemv/test.py::test_gemv,M_2048-K_8192-num_aie_columns_8-tile_size_input_1-tile_size_output_256,5/5,,,,,,41.321586,41.39052,33.00342,47.07729,5.625980008210125,41.296378,41.36527,32.98329,47.04857,5.622547661524979
480e1e0928d15302e781b88602b5b1b30ce263de,2026-08-28 22:00:11,iron/operators/gemv/test.py::test_gemv,M_8192-K_2048-num_aie_columns_1-tile_size_input_4-tile_size_output_1024,5/5,,,,,,12.309420000000001,12.76697,10.06394,13.46451,1.3380965165114211,12.301910000000001,12.75918,10.0578,13.4563,1.3372807698460336
480e1e0928d15302e781b88602b5b1b30ce263de,2026-08-28 22:00:11,iron/operators/gemv/test.py::test_gemv,M_8192-K_2048-num_aie_columns_2-tile_size_input_4-tile_size_output_1024,5/5,,,,,,23.76569,23.91611,22.94552,24.45043,0.5543980235805327,23.75119,23.90152,22.93152,24.43551,0.5540585572843368
480e1e0928d15302e781b88602b5b1b30ce263de,2026-08-28 22:00:11,iron/operators/gemv/test.py::test_gemv,M_8192-K_2048-num_aie_columns_4-tile_size_input_4-tile_size_output_1024,5/5,,,,,,40.621016,40.82726,39.19093,41.65441,1.0945023457626757,40.596238,40.80236,39.16703,41.629,1.0938319303348216
480e1e0928d15302e781b88602b5b1b30ce263de,2026-08-28 22:00:11,iron/operators/gemv/test.py::test_gemv,M_8192-K_2048-num_aie_columns_8-tile_size_input_4-tile_size_output_1024,5/5,,,,,,43.198944,43.52075,41.56612,44.44495,1.3255858402910012,43.172594000000004,43.49421,41.54077,44.41784,1.3247782423975707
480e1e0928d15302e781b88602b5b1b30ce263de,2026-08-28 22:00:11,iron/operators/gemv/test.py::test_gemv_batched,M_1024-K_1024-num_aie_columns_1-tile_size_input_1-tile_size_output_64-num_batches_2,5/5,,,,,,8.9339084,8.89758,8.200552,9.397752,0.4753365702660592,8.9164934,8.880236,8.184567,9.379432,0.4744095721987492
480e1e0928d15302e781b88602b5b1b30ce263de,2026-08-28 22:00:11,iron/operators/gemv/test.py::test_gemv_batched,M_1026-K_64-num_aie_columns_1-tile_size_input_1-tile_size_output_2-num_batches_2,5/5,,,,,,0.90756894,0.9499137,0.7499881,0.9936145,0.10467736408626269,0.89274962,0.934403,0.7377418,0.9773901,0.10296815055706304
480e1e0928d15302e781b88602b5b1b30ce263de,2026-08-28 22:00:11,iron/operators/gemv/test.py::test_gemv_batched,M_256-K_128-num_aie_columns_1-tile_size_input_1-tile_size_output_256-num_batches_4,5/5,,,,,,1.10334374,1.153725,0.8543477,1.239223,0.1493450060031737,1.0905637400000001,1.140361,0.8444517,1.224869,0.14761513335863635
480e1e0928d15302e781b88602b5b1b30ce263de,2026-08-28 22:00:11,iron/operators/gemv/test.py::test_gemv_batched,M_256-K_128-num_aie_columns_8-tile_size_input_1-tile_size_output_32-num_batches_100,5/5,,,,,,16.6244,17.11173,14.93586,17.79882,1.2170467293206124,16.431838,16.91352,14.76285,17.59266,1.2029527640435422
480e1e0928d15302e781b88602b5b1b30ce263de,2026-08-28 22:00:11,iron/operators/gemv/test.py::test_gemv_batched,M_448-K_64-num_aie_columns_8-tile_size_input_1-tile_size_output_56-num_batches_192,5/5,,,,,,13.961434,14.1293,13.12247,14.59633,0.5918111695718491,13.716498,13.88142,12.89225,14.34026,0.5814286218187061
480e1e0928d15302e781b88602b5b1b30ce263de,2026-08-28 22:00:11,iron/operators/gemv/test.py::test_gemv_batched,M_512-K_64-num_aie_columns_8-tile_size_input_4-tile_size_output_64-num_batches_32,5/5,,,,,,7.8701574,7.08333,6.586124,10.64023,1.6485818806516106,7.7342052,6.960969,6.472352,10.45643,1.6201053986027263
480e1e0928d15302e781b88602b5b1b30ce263de,2026-08-28 22:00:11,iron/operators/gemv/test.py::test_gemv_batched,M_64-K_1536-num_aie_columns_1-tile_size_input_1-tile_size_output_64-num_batches_8,5/5,,,,,,5.9182594,6.230153,4.88449,6.284654,0.5931045568163338,5.8234762,6.130374,4.806263,6.184003,0.5836057435732617
480e1e0928d15302e781b88602b5b1b30ce263de,2026-08-28 22:00:11,iron/operators/gemv/test.py::test_gemv_gelu,M_128-K_128-num_aie_columns_1-tile_size_input_32-tile_size_output_128,5/5,,,,,,0.1711057,0.1681003,0.1563351,0.1904522,0.01329279840834878,0.16847334,0.1655142,0.15393,0.1875222,0.013088308091499067
480e1e0928d15302e781b88602b5b1b30ce263de,2026-08-28 22:00:11,iron/operators/gemv/test.py::test_gemv_gelu,M_2048-K_8192-num_aie_columns_1-tile_size_input_1-tile_size_output_2048,5/5,,,,,,12.466436,12.57175,11.63533,13.22867,0.7348639442645147,12.458832000000001,12.56408,11.62823,13.2206,0.7344178836806737
480e1e0928d15302e781b88602b5b1b30ce263de,2026-08-28 22:00:11,iron/operators/gemv/test.py::test_gemv_gelu,M_8192-K_2048-num_aie_columns_1-tile_size_input_4-tile_size_output_1024,5/5,,,,,,12.651454,12.67359,12.09417,13.17469,0.3870530766316165,12.64374,12.66586,12.0868,13.16666,0.3868156193847399
480e1e0928d15302e781b88602b5b1b30ce263de,2026-08-28 22:00:11,iron/operators/layer_norm/test.py::test_layer_norm,input_length_2048-num_aie_columns_1-num_channels_1-tile_size_2048,5/5,159.88,158.6,115.5,212.5,36.08437334913827,0.053369372,0.05166466,0.0385515,0.07092641,0.01206175595316743,,,,,
480e1e0928d15302e781b88602b5b1b30ce263de,2026-08-28 22:00:11,iron/operators/layer_norm/test.py::test_layer_norm,input_length_2048-num_aie_columns_1-num_channels_2-tile_size_1024,5/5,151.64,148.5,119.0,189.4,27.469128125952597,0.05545146,0.05515273,0.04324781,0.06882472,0.009961779955008044,,,,,
480e1e0928d15302e781b88602b5b1b30ce263de,2026-08-28 22:00:11,iron/operators/layer_norm/test.py::test_layer_norm,input_length_2048-num_aie_columns_2-num_channels_1-tile_size_1024,5/5,168.62,168.0,137.0,198.8,22.847363086360758,0.04932747,0.04877352,0.04120351,0.05979518,0.006923478983664934,,,,,
480e1e0928d15302e781b88602b5b1b30ce263de,2026-08-28 22:00:11,iron/operators/layer_norm/test.py::test_layer_norm,input_length_2048-num_aie_columns_2-num_channels_2-tile_size_512,5/5,197.29999999999998,194.7,164.1,231.2,29.813671360635873,0.042288014,0.04208342,0.03542793,0.04992017,0.006395526882644618,,,,,
480e1e0928d15302e781b88602b5b1b30ce263de,2026-08-28 22:00:11,iron/operators/layer_norm/test.py::test_layer_norm,input_length_2048-num_aie_columns_4-num_channels_1-tile_size_512,5/5,189.46,189.9,134.1,241.7,40.0095363632222,0.044939849999999996,0.04313577,0.03389606,0.06107735,0.01027357458313561,,,,,
480e1e0928d15302e781b88602b5b1b30ce263de,2026-08-28 22:00:11,iron/operators/layer_norm/test.py::test_layer_norm,input_length_2048-num_aie_columns_4-num_channels_2-tile_size_256,5/5,193.26,199.5,156.0,216.0,25.017553837255953,0.043015532,0.04105648,0.03793102,0.0525273,0.006055970180711756,,,,,
480e1e0928d15302e781b88602b5b1b30ce263de,2026-08-28 22:00:11,iron/operators/layer_norm/test.py::test_layer_norm,input_length_2048-num_aie_columns_8-num_channels_1-tile_size_256,5/5,215.34,203.2,140.9,334.6,76.27770316416195,0.041662766,0.04031575,0.02448245,0.05813722,0.013232172080952169,,,,,
480e1e0928d15302e781b88602b5b1b30ce263de,2026-08-28 22:00:11,iron/operators/layer_norm/test.py::test_layer_norm,input_length_2048-num_aie_columns_8-num_channels_2-tile_size_128,5/5,231.34,206.4,189.2,325.2,54.64474357154583,0.036732812,0.03969531,0.02518686,0.04329581,0.007045433893013262,,,,,
480e1e0928d15302e781b88602b5b1b30ce263de,2026-08-28 22:00:11,iron/operators/leaky_relu/test.py::test_leaky_relu,input_length_2048-num_aie_columns_1-num_channels_1-tile_size_2048-alpha_0.01,5/5,182.54,175.5,161.8,213.1,19.92869790026433,0.045280424,0.04666902,0.03843754,0.05062165,0.004691020245163092,,,,,
480e1e0928d15302e781b88602b5b1b30ce263de,2026-08-28 22:00:11,iron/operators/leaky_relu/test.py::test_leaky_relu,input_length_2048-num_aie_columns_1-num_channels_1-tile_size_2048-alpha_0.1,5/5,171.2,173.0,133.3,203.7,25.40551121312066,0.048765828,0.0473474,0.04021048,0.06144476,0.007835889448832213,,,,,
480e1e0928d15302e781b88602b5b1b30ce263de,2026-08-28 22:00:11,iron/operators/leaky_relu/test.py::test_leaky_relu,input_length_2048-num_aie_columns_1-num_channels_1-tile_size_2048-alpha_0.25,5/5,171.44,171.9,119.9,206.5,34.911430792793354,0.049642504,0.04764813,0.03967205,0.06834754,0.011544246289179298,,,,,
480e1e0928d15302e781b88602b5b1b30ce263de,2026-08-28 22:00:11,iron/operators/leaky_relu/test.py::test_leaky_relu,input_length_2048-num_aie_columns_1-num_channels_2-tile_size_1024-alpha_0.01,5/5,176.86,180.4,155.7,197.8,18.35954792471754,0.046719830000000004,0.04539938,0.0414162,0.0526015,0.004919973608506454,,,,,
480e1e0928d15302e781b88602b5b1b30ce263de,2026-08-28 22:00:11,iron/operators/leaky_relu/test.py::test_leaky_relu,input_length_2048-num_aie_columns_2-num_channels_1-tile_size_1024-alpha_0.01,5/5,183.8,180.5,173.7,197.1,10.00999500499376,0.044677844,0.04538177,0.04155739,0.04717535,0.002397940811817506,,,,,
480e1e0928d15302e781b88602b5b1b30ce263de,2026-08-28 22:00:11,iron/operators/leaky_relu/test.py::test_leaky_relu,input_length_2048-num_aie_columns_2-num_channels_2-tile_size_512-alpha_0.01,5/5,190.22,196.0,145.2,221.5,32.48972145156065,0.044169008,0.04179315,0.03697886,0.05640048,0.008164272026119046,,,,,
480e1e0928d15302e781b88602b5b1b30ce263de,2026-08-28 22:00:11,iron/operators/leaky_relu/test.py::test_leaky_relu,input_length_2048-num_aie_columns_4-num_channels_1-tile_size_512-alpha_0.01,5/5,171.32,173.2,107.8,207.1,38.42534319950832,0.050425692,0.04730065,0.03956074,0.07602431,0.014708117626649917,,,,,
480e1e0928d15302e781b88602b5b1b30ce263de,2026-08-28 22:00:11,iron/operators/leaky_relu/test.py::test_leaky_relu,input_length_2048-num_aie_columns_4-num_channels_2-tile_size_256-alpha_0.01,5/5,180.9,195.6,110.9,206.5,39.47663866136528,0.047832002,0.04188096,0.03966244,0.07388101,0.01460152800533629,,,,,
480e1e0928d15302e781b88602b5b1b30ce263de,2026-08-28 22:00:11,iron/operators/leaky_relu/test.py::test_leaky_relu,input_length_2048-num_aie_columns_8-num_channels_1-tile_size_256-alpha_0.01,5/5,209.0,206.7,184.5,241.0,21.041981845824314,0.039501648,0.03962599,0.0339862,0.04439362,0.0038489450423421223,,,,,
480e1e0928d15302e781b88602b5b1b30ce263de,2026-08-28 22:00:11,iron/operators/leaky_relu/test.py::test_leaky_relu,input_length_2048-num_aie_columns_8-num_channels_2-tile_size_128-alpha_0.01,5/5,222.68,225.2,212.2,232.0,7.680624974570757,0.036824258,0.03638334,0.03531019,0.03860618,0.0012806682907451088,,,,,
480e1e0928d15302e781b88602b5b1b30ce263de,2026-08-28 22:00:11,iron/operators/mem_copy/test.py::test_mem_copy,input_length_2048-num_cores_1-num_channels_1-bypass_False-tile_size_2048,5/5,159.56,156.2,144.6,183.9,16.47309928337713,0.051765966,0.05243316,0.04455322,0.05664657,0.005118306453142486,,,,,
480e1e0928d15302e781b88602b5b1b30ce263de,2026-08-28 22:00:11,iron/operators/mem_copy/test.py::test_mem_copy,input_length_2048-num_cores_16-num_channels_2-bypass_False-tile_size_128,5/5,206.78,209.1,158.5,245.9,31.694273930790718,0.040444898,0.03917218,0.03331869,0.05167444,0.006835616736829239,,,,,
480e1e0928d15302e781b88602b5b1b30ce263de,2026-08-28 22:00:11,iron/operators/mem_copy/test.py::test_mem_copy,input_length_2048-num_cores_2-num_channels_1-bypass_False-tile_size_1024,5/5,176.24,168.4,140.4,227.0,31.59031497152252,0.047601998,0.0486403,0.03609097,0.05834051,0.00794159045086499,,,,,
480e1e0928d15302e781b88602b5b1b30ce263de,2026-08-28 22:00:11,iron/operators/mem_copy/test.py::test_mem_copy,input_length_2048-num_cores_2-num_channels_2-bypass_False-tile_size_1024,5/5,165.7,174.9,134.5,193.7,25.633961847517835,0.05043914,0.04684275,0.04228151,0.06089077,0.008144587891722944,,,,,
480e1e0928d15302e781b88602b5b1b30ce263de,2026-08-28 22:00:11,iron/operators/mem_copy/test.py::test_mem_copy,input_length_2048-num_cores_4-num_channels_1-bypass_False-tile_size_512,5/5,177.62,181.1,119.9,272.7,60.309924556411104,0.050142398,0.04522619,0.03003935,0.06834184,0.015308198055916641,,,,,
480e1e0928d15302e781b88602b5b1b30ce263de,2026-08-28 22:00:11,iron/operators/mem_copy/test.py::test_mem_copy,input_length_2048-num_cores_4-num_channels_2-bypass_False-tile_size_512,5/5,195.98,182.7,160.7,254.3,36.029390780306024,0.04282719,0.04482676,0.03221721,0.05096239,0.007057777562905336,,,,,
480e1e0928d15302e781b88602b5b1b30ce263de,2026-08-28 22:00:11,iron/operators/mem_copy/test.py::test_mem_copy,input_length_2048-num_cores_8-num_channels_1-bypass_False-tile_size_256,5/5,187.84,188.6,140.6,221.7,34.29042140306823,0.04488761,0.04343147,0.03694717,0.05825754,0.008838148223041405,,,,,
480e1e0928d15302e781b88602b5b1b30ce263de,2026-08-28 22:00:11,iron/operators/mem_copy/test.py::test_mem_copy,input_length_2048-num_cores_8-num_channels_2-bypass_False-tile_size_256,5/5,190.8,195.1,158.5,210.3,19.258764238652493,0.043324494,0.04198636,0.03894628,0.05168715,0.0048646450086907685,,,,,
480e1e0928d15302e781b88602b5b1b30ce263de,2026-08-28 22:00:11,iron/operators/mha/test.py::test_mha,seq_len_16384-dim_64-num_heads_1-num_pipelines_8-num_kv_heads_0,5/5,47402.48,47394.6,47368.1,47464.0,36.400782958612375,0.17696554,0.176995,0.1767361,0.1770939,0.0001357821895537098,,,,,
480e1e0928d15302e781b88602b5b1b30ce263de,2026-08-28 22:00:11,iron/operators/relu/test.py::test_relu,input_length_2048-num_aie_columns_1-num_channels_1-tile_size_2048,5/5,169.78,172.1,150.4,188.5,13.880093659626363,0.048511972,0.04761185,0.04346603,0.05446555,0.0040263692174364735,,,,,
480e1e0928d15302e781b88602b5b1b30ce263de,2026-08-28 22:00:11,iron/operators/relu/test.py::test_relu,input_length_2048-num_aie_columns_1-num_channels_2-tile_size_1024,5/5,182.62,185.8,155.4,227.2,28.938762931403957,0.045712542,0.04409184,0.03604967,0.05272032,0.006800949121943936,,,,,
480e1e0928d15302e781b88602b5b1b30ce263de,2026-08-28 22:00:11,iron/operators/relu/test.py::test_relu,input_length_2048-num_aie_columns_2-num_channels_1-tile_size_1024,5/5,185.54,175.9,169.1,209.3,19.031894283018712,0.044515164,0.04656292,0.0391441,0.04845273,0.00440788894057348,,,,,
480e1e0928d15302e781b88602b5b1b30ce263de,2026-08-28 22:00:11,iron/operators/relu/test.py::test_relu,input_length_2048-num_aie_columns_2-num_channels_2-tile_size_512,5/5,191.62,201.4,166.2,209.9,21.447424087754694,0.043205996,0.04067648,0.03903369,0.04929683,0.00502220625943718,,,,,
480e1e0928d15302e781b88602b5b1b30ce263de,2026-08-28 22:00:11,iron/operators/relu/test.py::test_relu,input_length_2048-num_aie_columns_4-num_channels_1-tile_size_512,5/5,180.96,192.1,150.1,193.1,18.56712147857066,0.045698226,0.04263425,0.04241966,0.05457877,0.0052337995033082795,,,,,
480e1e0928d15302e781b88602b5b1b30ce263de,2026-08-28 22:00:11,iron/operators/relu/test.py::test_relu,input_length_2048-num_aie_columns_4-num_channels_2-tile_size_256,5/5,170.46,182.0,108.4,197.8,35.71761470199263,0.050425506,0.04500209,0.04142458,0.0755608,0.014193506292890772,,,,,
480e1e0928d15302e781b88602b5b1b30ce263de,2026-08-28 22:00:11,iron/operators/relu/test.py::test_relu,input_length_2048-num_aie_columns_8-num_channels_1-tile_size_256,5/5,194.0,195.4,164.3,225.2,26.33125519226153,0.042864408,0.04193456,0.03636864,0.04987124,0.0058703505625447945,,,,,
480e1e0928d15302e781b88602b5b1b30ce263de,2026-08-28 22:00:11,iron/operators/relu/test.py::test_relu,input_length_2048-num_aie_columns_8-num_channels_2-tile_size_128,5/5,212.16,205.1,192.2,250.9,22.595419889880343,0.038936043999999996,0.03994714,0.03265332,0.04262981,0.0037512720022586997,,,,,
480e1e0928d15302e781b88602b5b1b30ce263de,2026-08-28 22:00:11,iron/operators/rms_norm/test.py::test_rms_norm,input_length_2048-num_aie_columns_1-num_channels_1-tile_size_2048-weighted_False,5/5,181.18,184.0,135.7,225.4,36.726788588168176,0.046800218,0.0445215,0.03634121,0.06037825,0.009865924558244404,,,,,
480e1e0928d15302e781b88602b5b1b30ce263de,2026-08-28 22:00:11,iron/operators/rms_norm/test.py::test_rms_norm,input_length_2048-num_aie_columns_1-num_channels_1-tile_size_2048-weighted_True,5/5,199.79999999999998,208.4,173.6,229.7,23.863465800256254,0.062220414,0.05896721,0.05348725,0.0708038,0.007519869136729044,,,,,
480e1e0928d15302e781b88602b5b1b30ce263de,2026-08-28 22:00:11,iron/operators/rms_norm/test.py::test_rms_norm,input_length_2048-num_aie_columns_1-num_channels_2-tile_size_1024-weighted_False,5/5,175.56,183.5,147.8,202.7,25.366572492159825,0.04748483,0.0446433,0.0404174,0.05544463,0.0070929142199169445,,,,,
480e1e0928d15302e781b88602b5b1b30ce263de,2026-08-28 22:00:11,iron/operators/rms_norm/test.py::test_rms_norm,input_length_2048-num_aie_columns_1-num_channels_2-tile_size_1024-weighted_True,5/5,163.52,158.4,124.7,196.3,27.32914195506328,0.064151182,0.06466647,0.05216133,0.08213157,0.011506426834639849,,,,,
480e1e0928d15302e781b88602b5b1b30ce263de,2026-08-28 22:00:11,iron/operators/rms_norm/test.py::test_rms_norm,input_length_2048-num_aie_columns_2-num_channels_1-tile_size_1024-weighted_False,5/5,166.78,170.9,132.6,199.8,25.8726110008248,0.050117096,0.04794428,0.04099074,0.06180216,0.00807749592640442,,,,,
480e1e0928d15302e781b88602b5b1b30ce263de,2026-08-28 22:00:11,iron/operators/rms_norm/test.py::test_rms_norm,input_length_2048-num_aie_columns_2-num_channels_1-tile_size_1024-weighted_True,5/5,166.64000000000001,167.9,139.2,195.3,20.757601017458647,0.062231364,0.06099958,0.05244505,0.07356058,0.007841821258689208,,,,,
480e1e0928d15302e781b88602b5b1b30ce263de,2026-08-28 22:00:11,iron/operators/rms_norm/test.py::test_rms_norm,input_length_2048-num_aie_columns_2-num_channels_2-tile_size_512-weighted_False,5/5,182.42000000000002,174.7,153.5,232.3,31.43297631469219,0.045896424,0.04690202,0.03527051,0.05338477,0.007184111891018959,,,,,
480e1e0928d15302e781b88602b5b1b30ce263de,2026-08-28 22:00:11,iron/operators/rms_norm/test.py::test_rms_norm,input_length_2048-num_aie_columns_2-num_channels_2-tile_size_512-weighted_True,5/5,172.28,178.8,134.4,194.3,23.885288359155307,0.054426564,0.05154622,0.04742204,0.06854797,0.008510856839251265,,,,,
480e1e0928d15302e781b88602b5b1b30ce263de,2026-08-28 22:00:11,iron/operators/rms_norm/test.py::test_rms_norm,input_length_2048-num_aie_columns_4-num_channels_1-tile_size_512-weighted_False,5/5,170.66,172.2,144.8,204.4,22.670862356778578,0.04865593,0.04757894,0.04007259,0.05656052,0.006262195455125943,,,,,
480e1e0928d15302e781b88602b5b1b30ce263de,2026-08-28 22:00:11,iron/operators/rms_norm/test.py::test_rms_norm,input_length_2048-num_aie_columns_4-num_channels_1-tile_size_512-weighted_True,5/5,211.42,202.7,171.2,268.9,35.75873319903824,0.044530007999999996,0.04547159,0.03427921,0.05383964,0.007007229341941793,,,,,
480e1e0928d15302e781b88602b5b1b30ce263de,2026-08-28 22:00:11,iron/operators/rms_norm/test.py::test_rms_norm,input_length_2048-num_aie_columns_4-num_channels_2-tile_size_256-weighted_False,5/5,209.76,190.5,169.4,294.0,48.91434349963209,0.040475114,0.04299292,0.02786395,0.04836377,0.007707144194663157,,,,,
480e1e0928d15302e781b88602b5b1b30ce263de,2026-08-28 22:00:11,iron/operators/rms_norm/test.py::test_rms_norm,input_length_2048-num_aie_columns_4-num_channels_2-tile_size_256-weighted_True,5/5,235.3,224.7,176.6,349.6,67.5288086671163,0.039053644,0.03874006,0.02489667,0.04928206,0.009176205835149406,,,,,
480e1e0928d15302e781b88602b5b1b30ce263de,2026-08-28 22:00:11,iron/operators/rms_norm/test.py::test_rms_norm,input_length_2048-num_aie_columns_8-num_channels_1-tile_size_256-weighted_False,5/5,184.24,184.5,142.3,243.1,38.71095452194378,0.045980878,0.04441288,0.03370181,0.05756811,0.009148840788546383,,,,,
480e1e0928d15302e781b88602b5b1b30ce263de,2026-08-28 22:00:11,iron/operators/rms_norm/test.py::test_rms_norm,input_length_2048-num_aie_columns_8-num_channels_1-tile_size_256-weighted_True,5/5,206.42000000000002,203.9,191.8,219.4,12.427067232456738,0.04228725,0.0426901,0.03966677,0.04537469,0.002540062838327037,,,,,
480e1e0928d15302e781b88602b5b1b30ce263de,2026-08-28 22:00:11,iron/operators/rms_norm/test.py::test_rms_norm,input_length_2048-num_aie_columns_8-num_channels_2-tile_size_128-weighted_False,5/5,242.16,221.9,198.6,347.1,60.07264768594773,0.035179786000000005,0.03692053,0.02359848,0.04124085,0.006865907101718607,,,,,
480e1e0928d15302e781b88602b5b1b30ce263de,2026-08-28 22:00:11,iron/operators/rope/test.py::test_rope,rows_32-cols_512-angle_rows_32-aie_columns_1-method_type_0,5/5,187.36,184.6,122.8,254.4,55.41324751356845,0.56497978,0.5325503,0.3863619,0.8008212,0.1733770655796406,,,,,
480e1e0928d15302e781b88602b5b1b30ce263de,2026-08-28 22:00:11,iron/operators/rope/test.py::test_rope,rows_32-cols_512-angle_rows_32-aie_columns_2-method_type_0,5/5,169.98,185.5,116.0,194.0,31.67273275232183,0.59936402,0.5299893,0.5066172,0.8473679,0.14173921114020283,,,,,
480e1e0928d15302e781b88602b5b1b30ce263de,2026-08-28 22:00:11,iron/operators/rope/test.py::test_rope,rows_32-cols_512-angle_rows_32-aie_columns_4-method_type_0,5/5,192.4,208.0,123.2,237.0,45.722423382843566,0.54021374,0.4727154,0.4148006,0.7981553,0.1561880951889996,,,,,
480e1e0928d15302e781b88602b5b1b30ce263de,2026-08-28 22:00:11,iron/operators/rope/test.py::test_rope,rows_32-cols_512-angle_rows_32-aie_columns_8-method_type_0,5/5,209.48000000000002,218.4,138.5,256.3,43.22050439316969,0.48987932,0.4500172,0.3835999,0.7097608,0.1266403138483437,,,,,
480e1e0928d15302e781b88602b5b1b30ce263de,2026-08-28 22:00:11,iron/operators/rope/test.py::test_rope,rows_32-cols_512-angle_rows_8-aie_columns_1-method_type_0,5/5,186.18,182.6,149.5,250.1,39.07540146946669,0.4085808,0.4038187,0.2947752,0.4932827,0.0758543792965838,,,,,
480e1e0928d15302e781b88602b5b1b30ce263de,2026-08-28 22:00:11,iron/operators/rope/test.py::test_rope,rows_32-cols_512-angle_rows_8-aie_columns_2-method_type_0,5/5,199.98,199.5,166.5,252.1,34.944699168829594,0.3773107,0.3696213,0.2924438,0.4426858,0.06243352219296939,,,,,
480e1e0928d15302e781b88602b5b1b30ce263de,2026-08-28 22:00:11,iron/operators/rope/test.py::test_rope,rows_32-cols_512-angle_rows_8-aie_columns_4-method_type_0,5/5,183.88,187.1,125.0,240.3,47.61540717036871,0.424793,0.394023,0.3068458,0.5898334,0.1168884852737856,,,,,
480e1e0928d15302e781b88602b5b1b30ce263de,2026-08-28 22:00:11,iron/operators/rope/test.py::test_rope,rows_32-cols_512-angle_rows_8-aie_columns_8-method_type_0,5/5,191.56,177.6,141.6,242.2,39.8621750535517,0.39878748,0.4152333,0.3043581,0.5207147,0.08467919760455928,,,,,
480e1e0928d15302e781b88602b5b1b30ce263de,2026-08-28 22:00:11,iron/operators/sigmoid/test.py::test_sigmoid,input_length_2048-num_aie_columns_1-num_channels_1-tile_size_2048,5/5,136.8,138.2,104.8,165.8,21.844564541322406,0.061212261999999996,0.05929658,0.04941906,0.07814631,0.010514931732760796,,,,,
480e1e0928d15302e781b88602b5b1b30ce263de,2026-08-28 22:00:11,iron/operators/sigmoid/test.py::test_sigmoid,input_length_2048-num_aie_columns_1-num_channels_2-tile_size_1024,5/5,180.46,197.2,128.0,225.8,39.01638117509106,0.047314356,0.04154896,0.03627347,0.064003,0.011216977875726154,,,,,
480e1e0928d15302e781b88602b5b1b30ce263de,2026-08-28 22:00:11,iron/operators/sigmoid/test.py::test_sigmoid,input_length_2048-num_aie_columns_2-num_channels_1-tile_size_1024,5/5,155.22,158.8,126.7,170.0,16.958390253794725,0.05335261,0.0515895,0.04820156,0.06468168,0.006581174766422788,,,,,
480e1e0928d15302e781b88602b5b1b30ce263de,2026-08-28 22:00:11,iron/operators/sigmoid/test.py::test_sigmoid,input_length_2048-num_aie_columns_2-num_channels_2-tile_size_512,5/5,146.84,147.6,126.3,171.7,17.730002820078738,0.05643992,0.0555164,0.0477064,0.06486093,0.006724892220723688,,,,,
480e1e0928d15302e781b88602b5b1b30ce263de,2026-08-28 22:00:11,iron/operators/sigmoid/test.py::test_sigmoid,input_length_2048-num_aie_columns_4-num_channels_1-tile_size_512,5/5,168.92,165.0,162.2,188.8,11.17371916597156,0.048649642,0.04964427,0.04338087,0.05049963,0.0029666704403960996,,,,,
480e1e0928d15302e781b88602b5b1b30ce263de,2026-08-28 22:00:11,iron/operators/sigmoid/test.py::test_sigmoid,input_length_2048-num_aie_columns_4-num_channels_2-tile_size_256,5/5,167.88,159.5,135.8,223.7,33.17682926381,0.050146378,0.0513531,0.03662277,0.06033778,0.008625848040828797,,,,,
480e1e0928d15302e781b88602b5b1b30ce263de,2026-08-28 22:00:11,iron/operators/sigmoid/test.py::test_sigmoid,input_length_2048-num_aie_columns_8-num_channels_1-tile_size_256,5/5,169.9,175.2,123.3,201.4,28.66182129593303,0.049538755999999996,0.0467652,0.04067447,0.06646384,0.009874008349851138,,,,,
480e1e0928d15302e781b88602b5b1b30ce263de,2026-08-28 22:00:11,iron/operators/sigmoid/test.py::test_sigmoid,input_length_2048-num_aie_columns_8-num_channels_2-tile_size_128,5/5,199.84,209.0,152.1,231.8,30.361208803339835,0.04186565,0.0392003,0.03534828,0.05385966,0.0072212796749952825,,,,,
480e1e0928d15302e781b88602b5b1b30ce263de,2026-08-28 22:00:11,iron/operators/silu/test.py::test_silu,input_length_2048-num_aie_columns_1-num_channels_1-tile_size_2048,5/5,156.18,146.9,131.4,195.3,25.14432341503744,0.053469874,0.05574723,0.04195625,0.06235822,0.007929435809692263,,,,,
480e1e0928d15302e781b88602b5b1b30ce263de,2026-08-28 22:00:11,iron/operators/silu/test.py::test_silu,input_length_2048-num_aie_columns_2-num_channels_1-tile_size_1024,5/5,167.72,178.2,115.5,201.4,32.537317037518626,0.050664456000000004,0.04596334,0.04067245,0.07091413,0.011889389890001928,,,,,
480e1e0928d15302e781b88602b5b1b30ce263de,2026-08-28 22:00:11,iron/operators/silu/test.py::test_silu,input_length_2048-num_aie_columns_4-num_channels_1-tile_size_512,5/5,175.22,171.9,154.8,200.5,16.727731466041647,0.047089955999999995,0.04766476,0.04085745,0.05290486,0.004379100371152733,,,,,
480e1e0928d15302e781b88602b5b1b30ce263de,2026-08-28 22:00:11,iron/operators/silu/test.py::test_silu,input_length_2048-num_aie_columns_8-num_channels_1-tile_size_256,5/5,206.76,202.6,199.1,217.2,7.796986597397742,0.03966505,0.04042936,0.03770893,0.04115363,0.0014814632566655145,,,,,
480e1e0928d15302e781b88602b5b1b30ce263de,2026-08-28 22:00:11,iron/operators/softmax/test.py::test_softmax,input_length_32768-num_aie_columns_2-num_channels_2-tile_size_1024,5/5,202.32,203.3,172.7,237.3,23.26611269636594,0.6546187800000001,0.644795,0.552459,0.7589621,0.07403597546106891,,,,,
480e1e0928d15302e781b88602b5b1b30ce263de,2026-08-28 22:00:11,iron/operators/softmax/test.py::test_softmax,input_length_32768-num_aie_columns_2-num_channels_2-tile_size_2048,5/5,193.0,189.5,178.7,207.8,11.29048271775836,0.68105886,0.6915962,0.6308939,0.7335983,0.03972903625464631,,,,,
480e1e0928d15302e781b88602b5b1b30ce263de,2026-08-28 22:00:11,iron/operators/softmax/test.py::test_softmax,input_length_32768-num_aie_columns_2-num_channels_2-tile_size_512,5/5,188.48,197.2,135.4,222.2,36.42577384215742,0.71948518,0.6646485,0.5897954,0.9677638,0.15723608844241832,,,,,
480e1e0928d15302e781b88602b5b1b30ce263de,2026-08-28 22:00:11,iron/operators/swiglu_decode/test.py::test_swiglu_decode,embedding_dim_1024-hidden_dim_3584,5/5,981.126,983.16,952.29,1029.85,31.77211560472482,0.00418,0.0042,0.004,0.0043,0.00013038404810405288,,,,,
480e1e0928d15302e781b88602b5b1b30ce263de,2026-08-28 22:00:11,iron/operators/swiglu_decode/test.py::test_swiglu_decode,embedding_dim_2048-hidden_dim_2048,5/5,1055.446,1046.9,1023.17,1117.85,36.85188231284796,0.00776,0.0078,0.0073,0.008,0.000270185121722126,,,,,
480e1e0928d15302e781b88602b5b1b30ce263de,2026-08-28 22:00:11,iron/operators/swiglu_prefill/test.py::test_swiglu_prefill,seq_len_256-embedding_dim_2048-hidden_dim_2048-prio_accuracy_False,5/5,2192.65,2188.24,2155.77,2230.19,29.603123990552124,0.95658,0.9584,0.9403,0.9728,0.012917701033852723,,,,,
480e1e0928d15302e781b88602b5b1b30ce263de,2026-08-28 22:00:11,iron/operators/swiglu_prefill_stream/test.py::test_swiglu_prefill_stream,k_1,5/5,1376.106,1380.99,1335.55,1401.49,24.55699350490611,0.3811,0.3796,0.3741,0.3926,0.00691700802370505,,,,,
480e1e0928d15302e781b88602b5b1b30ce263de,2026-08-28 22:00:11,iron/operators/swiglu_prefill_stream/test.py::test_swiglu_prefill_stream,k_2,5/5,2098.246,2101.74,2068.61,2134.63,29.15519387690632,0.24992,0.2495,0.2456,0.2534,0.0034636685753691877,,,,,
480e1e0928d15302e781b88602b5b1b30ce263de,2026-08-28 22:00:11,iron/operators/swiglu_prefill_stream/test.py::test_swiglu_prefill_stream,k_5,5/5,1449.164,1450.78,1435.8,1458.69,9.88309819843963,0.3618,0.3614,0.3594,0.3652,0.002493992782668,,,,,
480e1e0928d15302e781b88602b5b1b30ce263de,2026-08-28 22:00:11,iron/operators/tanh/test.py::test_tanh,input_length_2048-num_aie_columns_1-num_channels_1-tile_size_2048,5/5,162.46,164.5,145.7,183.2,14.077748399513325,0.050720242,0.0498106,0.04471396,0.05621856,0.004309720679837617,,,,,
480e1e0928d15302e781b88602b5b1b30ce263de,2026-08-28 22:00:11,iron/operators/tanh/test.py::test_tanh,input_length_2048-num_aie_columns_1-num_channels_2-tile_size_1024,5/5,162.57999999999998,159.0,131.5,188.7,25.332528495987123,0.051396644,0.05152461,0.04341536,0.06230084,0.008140031826469109,,,,,
480e1e0928d15302e781b88602b5b1b30ce263de,2026-08-28 22:00:11,iron/operators/tanh/test.py::test_tanh,input_length_2048-num_aie_columns_2-num_channels_1-tile_size_1024,5/5,188.9,170.9,126.7,277.6,60.117593098859174,0.046806589999999995,0.04794681,0.02950711,0.06467147,0.013851480292060844,,,,,
480e1e0928d15302e781b88602b5b1b30ce263de,2026-08-28 22:00:11,iron/operators/tanh/test.py::test_tanh,input_length_2048-num_aie_columns_2-num_channels_2-tile_size_512,5/5,205.8,200.7,152.9,239.8,36.0309589103593,0.040906668,0.04081673,0.03416793,0.05358767,0.007929216967073103,,,,,
480e1e0928d15302e781b88602b5b1b30ce263de,2026-08-28 22:00:11,iron/operators/tanh/test.py::test_tanh,input_length_2048-num_aie_columns_4-num_channels_1-tile_size_512,5/5,184.66,199.1,126.8,203.8,32.75596128951187,0.045858288,0.04113503,0.04019864,0.06462556,0.010547892228562538,,,,,
480e1e0928d15302e781b88602b5b1b30ce263de,2026-08-28 22:00:11,iron/operators/tanh/test.py::test_tanh,input_length_2048-num_aie_columns_4-num_channels_2-tile_size_256,5/5,182.08,174.1,128.3,248.4,43.80983907754056,0.047098606,0.04706369,0.03298265,0.06387325,0.011228058714616702,,,,,
480e1e0928d15302e781b88602b5b1b30ce263de,2026-08-28 22:00:11,iron/operators/tanh/test.py::test_tanh,input_length_2048-num_aie_columns_8-num_channels_1-tile_size_256,5/5,177.44,174.0,137.5,218.2,28.813417013606696,0.047186194,0.04708019,0.03753924,0.05956432,0.007952579339134565,,,,,
480e1e0928d15302e781b88602b5b1b30ce263de,2026-08-28 22:00:11,iron/operators/tanh/test.py::test_tanh,input_length_2048-num_aie_columns_8-num_channels_2-tile_size_128,5/5,206.22,216.6,155.5,234.7,31.850541596651066,0.040612116,0.03781685,0.03489863,0.05267964,0.007228772757368985,,,,,
480e1e0928d15302e781b88602b5b1b30ce263de,2026-08-28 22:00:11,iron/operators/transpose/test.py::test_transpose,M_2048-N_64-aie_columns_1-channels_1-m_64-n_64-s_8-num_batches_1,5/5,209.48000000000002,197.3,150.3,285.3,51.188592479184265,2.6215002,2.657368,1.837911,3.489066,0.6202558543679373,,,,,
480e1e0928d15302e781b88602b5b1b30ce263de,2026-08-28 22:00:11,iron/operators/transpose/test.py::test_transpose,M_2048-N_64-aie_columns_1-channels_1-m_64-n_64-s_8-num_batches_2,5/5,232.24,229.6,187.0,276.0,32.196009069448344,4.5876868,4.566631,3.79912,5.606879,0.6604580686956593,,,,,
480e1e0928d15302e781b88602b5b1b30ce263de,2026-08-28 22:00:11,iron/operators/transpose/test.py::test_transpose,M_2048-N_64-aie_columns_1-channels_2-m_64-n_64-s_8-num_batches_1,5/5,172.26,171.3,120.9,222.5,38.642631897944014,3.177299,3.061429,2.356838,4.335467,0.759084327074733,,,,,
