Commit,Date,Test,Checks,Bandwidth (mean),Bandwidth (median),Bandwidth (min),Bandwidth (max),Bandwidth (stddev),Throughput (mean),Throughput (median),Throughput (min),Throughput (max),Throughput (stddev),Latency (mean),Latency (median),Latency (min),Latency (max),Latency (stddev),Test Path
7e6b95b65dcb69d511057cd3d8b565db1e1227e6,2026-04-27 21:22:14,M_128-K_128-num_aie_columns_1-tile_size_input_32-tile_size_output_128,5/5,0.09829473,0.1050485,0.06008185,0.1255195,0.025033076663676403,0.096782528,0.1034324,0.05915752,0.1235885,0.024647973894941548,,,,,,n/a
5503a9566e74d9b7c3221a857d903c0e3b1b7a98,2026-05-11 23:50:48,M_128-K_128-num_aie_columns_1-tile_size_input_32-tile_size_output_128,5/5,0.068868252,0.06408294,0.03161788,0.1227093,0.033118063418326106,0.067808748,0.06309705,0.03113145,0.1208215,0.032608569251042274,,,,,,iron/operators/gemv/test.py::test_gemv
4d4b803c99fe896d0f08aba5dcc86a8f319c18a5,2026-06-22 18:12:43,M_128-K_128-num_aie_columns_1-tile_size_input_32-tile_size_output_128,5/5,0.088279606,0.08647503,0.05776785,0.1307318,0.02669487775824662,0.086921448,0.08514464,0.05687911,0.1287205,0.026284172059733397,,,,,,iron/operators/gemv/test.py::test_gemv
7e6b95b65dcb69d511057cd3d8b565db1e1227e6,2026-04-27 21:22:14,M_192-K_384-N_64-num_aie_columns_4-b_col_maj_False-c_col_maj_False-m_48-k_96-n_16-trace_size_0-partition_N_1,5/5,0.35908032,0.4090342,0.1254457,0.4819947,0.1448898347701867,15.32076,17.45212,5.35235,20.56511,6.18196693921522,787.42,540.7,458.9,1763.2,553.1132406659599,n/a
5503a9566e74d9b7c3221a857d903c0e3b1b7a98,2026-05-11 23:50:48,M_192-K_384-N_64-num_aie_columns_4-b_col_maj_False-c_col_maj_False-m_48-k_96-n_16-trace_size_0-partition_N_1,5/5,0.41717306000000004,0.3906085,0.1889168,0.6376163,0.17106405474281558,17.7993822,16.66596,8.060451,27.20496,7.298731711266979,628.9399999999999,566.3,346.9,1170.8,323.6407622658184,iron/operators/gemm/test.py::test_gemm
4d4b803c99fe896d0f08aba5dcc86a8f319c18a5,2026-06-22 18:12:43,M_192-K_384-N_64-num_aie_columns_4-b_col_maj_False-c_col_maj_False-m_48-k_96-n_16-trace_size_0-partition_N_1,5/5,0.4621833,0.4509183,0.3299599,0.6607695,0.12408368073536102,19.719820000000002,19.23918,14.07829,28.19283,5.294236696380319,504.3,490.5,334.7,670.3,123.3649058687275,iron/operators/gemm/test.py::test_gemm
7e6b95b65dcb69d511057cd3d8b565db1e1227e6,2026-04-27 21:22:14,M_192-K_384-N_64-num_aie_columns_4-b_col_maj_True-c_col_maj_True-m_48-k_96-n_16-trace_size_0-partition_N_1,5/5,0.45511206,0.4711937,0.3519225,0.5774135,0.10051693249106342,19.418116,20.10427,15.01536,24.63631,4.288723381244121,506.06,469.4,383.1,628.5,114.19922504115341,n/a
5503a9566e74d9b7c3221a857d903c0e3b1b7a98,2026-05-11 23:50:48,M_192-K_384-N_64-num_aie_columns_4-b_col_maj_True-c_col_maj_True-m_48-k_96-n_16-trace_size_0-partition_N_1,5/5,0.37411648000000003,0.3704602,0.1293546,0.5379342,0.16354266015260974,15.9623036,15.8063,5.519128,22.95186,6.977820644076831,766.82,597.1,411.2,1709.9,538.9373405137187,iron/operators/gemm/test.py::test_gemm
4d4b803c99fe896d0f08aba5dcc86a8f319c18a5,2026-06-22 18:12:43,M_192-K_384-N_64-num_aie_columns_4-b_col_maj_True-c_col_maj_True-m_48-k_96-n_16-trace_size_0-partition_N_1,5/5,0.3590818,0.3560059,0.3182032,0.4043775,0.03125382996594177,15.320826,15.18959,13.57667,17.25344,1.333496211104479,619.7,621.3,547.0,695.1,53.61310474128504,iron/operators/gemm/test.py::test_gemm
7e6b95b65dcb69d511057cd3d8b565db1e1227e6,2026-04-27 21:22:14,M_2048-K_2048-N_2048-num_aie_columns_1-b_col_maj_False-c_col_maj_False-m_64-k_64-n_64-trace_size_0-partition_N_1,5/5,0.30566516,0.3085196,0.2918996,0.310881,0.007763708970137932,208.66742,210.6161,199.2701,212.2281,5.300041885872217,82375.28,81569.6,80950.0,86214.0,2162.83949288892,n/a
5503a9566e74d9b7c3221a857d903c0e3b1b7a98,2026-05-11 23:50:48,M_2048-K_2048-N_2048-num_aie_columns_1-b_col_maj_False-c_col_maj_False-m_64-k_64-n_64-trace_size_0-partition_N_1,5/5,0.30608612,0.3066868,0.3024135,0.3102227,0.003143492381412755,208.95478,209.3649,206.4476,211.7787,2.145964351288248,82225.06,82057.1,81121.8,83216.6,843.9361397641413,iron/operators/gemm/test.py::test_gemm
4d4b803c99fe896d0f08aba5dcc86a8f319c18a5,2026-06-22 18:12:43,M_2048-K_2048-N_2048-num_aie_columns_1-b_col_maj_False-c_col_maj_False-m_64-k_64-n_64-trace_size_0-partition_N_1,5/5,0.30689464,0.3072624,0.3010145,0.3127948,0.005633875223414162,209.50676,209.7578,205.4926,213.5346,3.846074928157275,82023.64,81903.4,80454.7,83603.4,1507.1553944434522,iron/operators/gemm/test.py::test_gemm
7e6b95b65dcb69d511057cd3d8b565db1e1227e6,2026-04-27 21:22:14,M_2048-K_2048-N_2048-num_aie_columns_2-b_col_maj_True-c_col_maj_False-m_64-k_64-n_64-trace_size_0-partition_N_1,5/5,1.041479,1.054948,1.005001,1.062307,0.025424370759175117,710.9830000000001,720.1776,686.0805,725.2017,17.35642462130376,24175.22,23855.0,23689.8,25040.6,598.0640032638639,n/a
5503a9566e74d9b7c3221a857d903c0e3b1b7a98,2026-05-11 23:50:48,M_2048-K_2048-N_2048-num_aie_columns_2-b_col_maj_True-c_col_maj_False-m_64-k_64-n_64-trace_size_0-partition_N_1,5/5,0.99013556,0.9912957,0.9730079,1.005947,0.013352582323018987,675.93254,676.7245,664.24,686.7266,9.115413496545282,25420.24,25386.8,25017.0,25863.9,343.3463601088559,iron/operators/gemm/test.py::test_gemm
4d4b803c99fe896d0f08aba5dcc86a8f319c18a5,2026-06-22 18:12:43,M_2048-K_2048-N_2048-num_aie_columns_2-b_col_maj_True-c_col_maj_False-m_64-k_64-n_64-trace_size_0-partition_N_1,5/5,1.0201584,1.021912,1.004311,1.02981,0.00945939708966696,696.42812,697.6252,685.6096,703.0172,6.457682138894728,24670.26,24626.2,24437.3,25057.8,230.70752696867066,iron/operators/gemm/test.py::test_gemm
7e6b95b65dcb69d511057cd3d8b565db1e1227e6,2026-04-27 21:22:14,M_2048-K_8192-num_aie_columns_1-tile_size_input_1-tile_size_output_2048,5/5,3.6202883999999997,3.706445,3.378895,3.902141,0.22501793009847015,3.61808,3.704184,3.376834,3.89976,0.22488049789943995,,,,,,n/a
5503a9566e74d9b7c3221a857d903c0e3b1b7a98,2026-05-11 23:50:48,M_2048-K_8192-num_aie_columns_1-tile_size_input_1-tile_size_output_2048,5/5,3.5927262,3.575419,3.31794,3.856265,0.1950023217828444,3.5905346,3.573238,3.315916,3.853912,0.19488325886489058,,,,,,iron/operators/gemv/test.py::test_gemv
4d4b803c99fe896d0f08aba5dcc86a8f319c18a5,2026-06-22 18:12:43,M_2048-K_8192-num_aie_columns_1-tile_size_input_1-tile_size_output_2048,5/5,3.6096874,3.746385,3.314605,3.907888,0.27116447058067916,3.6074858,3.7441,3.312583,3.905505,0.27099937278838854,,,,,,iron/operators/gemv/test.py::test_gemv
7e6b95b65dcb69d511057cd3d8b565db1e1227e6,2026-04-27 21:22:14,M_2048-K_8192-num_aie_columns_2-tile_size_input_1-tile_size_output_1024,5/5,5.8814632,5.705182,5.013139,7.30276,0.958171775766068,5.8778754,5.701702,5.010081,7.298305,0.9575871492372381,,,,,,n/a
5503a9566e74d9b7c3221a857d903c0e3b1b7a98,2026-05-11 23:50:48,M_2048-K_8192-num_aie_columns_2-tile_size_input_1-tile_size_output_1024,5/5,7.1344788,7.121426,6.572113,7.531297,0.3744628081034218,7.1301268,7.117082,6.568104,7.526703,0.37423428158401006,,,,,,iron/operators/gemv/test.py::test_gemv
4d4b803c99fe896d0f08aba5dcc86a8f319c18a5,2026-06-22 18:12:43,M_2048-K_8192-num_aie_columns_2-tile_size_input_1-tile_size_output_1024,5/5,6.3396556,6.306884,5.698712,7.269733,0.5801742292788431,6.3357886,6.303037,5.695236,7.265298,0.579820025336138,,,,,,iron/operators/gemv/test.py::test_gemv
7e6b95b65dcb69d511057cd3d8b565db1e1227e6,2026-04-27 21:22:14,M_2048-K_8192-num_aie_columns_4-tile_size_input_1-tile_size_output_512,5/5,10.5772382,8.511709,8.481051,14.04382,2.8642289376892864,10.570786,8.506517,8.475878,14.03525,2.8624810294750427,,,,,,n/a
5503a9566e74d9b7c3221a857d903c0e3b1b7a98,2026-05-11 23:50:48,M_2048-K_8192-num_aie_columns_4-tile_size_input_1-tile_size_output_512,5/5,10.447085,9.808865,7.916774,13.85529,2.5835674847065637,10.4407124,9.802882,7.911945,13.84684,2.581991636465211,,,,,,iron/operators/gemv/test.py::test_gemv
4d4b803c99fe896d0f08aba5dcc86a8f319c18a5,2026-06-22 18:12:43,M_2048-K_8192-num_aie_columns_4-tile_size_input_1-tile_size_output_512,5/5,8.4374832,8.558437,7.258285,9.532997,0.982581938303468,8.432337200000001,8.553217,7.253858,9.527183,0.9819826742189501,,,,,,iron/operators/gemv/test.py::test_gemv
7e6b95b65dcb69d511057cd3d8b565db1e1227e6,2026-04-27 21:22:14,M_2048-N_64-aie_columns_1-channels_1-m_64-n_64-s_8,5/5,1.0112983,1.039042,0.7004731,1.381949,0.2722361278802467,,,,,,550.18,504.6,379.4,748.5,150.05221424557521,n/a
5503a9566e74d9b7c3221a857d903c0e3b1b7a98,2026-05-11 23:50:48,M_2048-N_64-aie_columns_1-channels_1-m_64-n_64-s_8,5/5,1.0872842,1.109184,0.1612329,1.615779,0.5930766292968852,,,,,,984.9599999999999,472.7,324.5,3251.7,1270.6934398193766,iron/operators/transpose/test.py::test_transpose
4d4b803c99fe896d0f08aba5dcc86a8f319c18a5,2026-06-22 18:12:43,M_2048-N_64-aie_columns_1-channels_1-m_64-n_64-s_8,5/5,1.02593198,1.044272,0.9677388,1.088315,0.050293043497704505,,,,,,512.04,502.1,481.7,541.8,25.224650641782915,iron/operators/transpose/test.py::test_transpose
7e6b95b65dcb69d511057cd3d8b565db1e1227e6,2026-04-27 21:22:14,M_2048-N_64-aie_columns_1-channels_2-m_64-n_64-s_8,5/5,1.36365038,1.453614,0.6255629,1.998635,0.5568221844244102,,,,,,457.8,360.7,262.3,838.1,235.60880713589634,n/a
5503a9566e74d9b7c3221a857d903c0e3b1b7a98,2026-05-11 23:50:48,M_2048-N_64-aie_columns_1-channels_2-m_64-n_64-s_8,5/5,1.07260018,0.9601694,0.8702713,1.462474,0.23753974134906777,,,,,,505.64,546.0,358.5,602.4,96.041985610461,iron/operators/transpose/test.py::test_transpose
4d4b803c99fe896d0f08aba5dcc86a8f319c18a5,2026-06-22 18:12:43,M_2048-N_64-aie_columns_1-channels_2-m_64-n_64-s_8,5/5,1.22340422,1.040184,0.5147401,2.085714,0.5871193949998518,,,,,,529.8,504.0,251.4,1018.5,294.27523681071096,iron/operators/transpose/test.py::test_transpose
7e6b95b65dcb69d511057cd3d8b565db1e1227e6,2026-04-27 21:22:14,M_384-K_1536-N_1792-num_aie_columns_4-b_col_maj_True-c_col_maj_False-m_32-k_48-n_64-trace_size_0-partition_N_1,5/5,2.5121512,2.15576,1.715919,4.3183,1.0726920413500325,658.79634,565.3349,449.9892,1132.448,281.3070460959306,3594.94,3739.3,1866.7,4697.7,1169.035086299808,n/a
5503a9566e74d9b7c3221a857d903c0e3b1b7a98,2026-05-11 23:50:48,M_384-K_1536-N_1792-num_aie_columns_4-b_col_maj_True-c_col_maj_False-m_32-k_48-n_64-trace_size_0-partition_N_1,5/5,2.7447732,2.110239,1.831486,3.969672,1.0928731699143777,719.7999599999999,553.3974,480.2961,1041.022,286.59914894502566,3307.84,3819.9,2030.6,4401.3,1169.3385536276483,iron/operators/gemm/test.py::test_gemm
4d4b803c99fe896d0f08aba5dcc86a8f319c18a5,2026-06-22 18:12:43,M_384-K_1536-N_1792-num_aie_columns_4-b_col_maj_True-c_col_maj_False-m_32-k_48-n_64-trace_size_0-partition_N_1,5/5,2.0391102,1.680064,1.329786,3.48256,0.8445771866408659,534.7442,440.5865,348.7282,913.2801,221.48522230644414,4393.58,4798.0,2314.7,6061.8,1382.7300665712019,iron/operators/gemm/test.py::test_gemm
7e6b95b65dcb69d511057cd3d8b565db1e1227e6,2026-04-27 21:22:14,M_64-K_512-N_256-num_aie_columns_4-b_col_maj_True-c_col_maj_False-m_16-k_64-n_64-trace_size_0-partition_N_4,5/5,0.2220337,0.2006437,0.1544046,0.322823,0.06556778022664791,11.9664476,10.81364,8.321593,17.39846,3.5337592534348317,5978.599999999999,6205.9,3857.2,8064.4,1609.0576108393384,n/a
5503a9566e74d9b7c3221a857d903c0e3b1b7a98,2026-05-11 23:50:48,M_64-K_512-N_256-num_aie_columns_4-b_col_maj_True-c_col_maj_False-m_16-k_64-n_64-trace_size_0-partition_N_4,5/5,0.21135454,0.2336031,0.1509811,0.258991,0.045400278410523,11.390898,12.58998,8.137085,13.95825,2.446837103462856,6139.54,5330.3,4807.8,8247.3,1454.4180633504243,iron/operators/gemm/test.py::test_gemm
4d4b803c99fe896d0f08aba5dcc86a8f319c18a5,2026-06-22 18:12:43,M_64-K_512-N_256-num_aie_columns_4-b_col_maj_True-c_col_maj_False-m_16-k_64-n_64-trace_size_0-partition_N_4,5/5,0.22960012,0.2121461,0.1781169,0.3225572,0.05686826959554862,12.3742404,11.43356,9.599562,17.38414,3.0649018124437193,5658.88,5869.5,3860.4,6990.8,1207.191445877579,iron/operators/gemm/test.py::test_gemm
7e6b95b65dcb69d511057cd3d8b565db1e1227e6,2026-04-27 21:22:14,M_8192-K_2048-num_aie_columns_1-tile_size_input_4-tile_size_output_1024,5/5,3.5163368,3.486568,3.316957,3.868461,0.20873201061217228,3.514192,3.484442,3.314934,3.866101,0.2086044937735043,,,,,,n/a
5503a9566e74d9b7c3221a857d903c0e3b1b7a98,2026-05-11 23:50:48,M_8192-K_2048-num_aie_columns_1-tile_size_input_4-tile_size_output_1024,5/5,3.524871,3.73368,3.067946,3.789671,0.3333244917621565,3.5227206,3.731402,3.066074,3.787359,0.3331214150843503,,,,,,iron/operators/gemv/test.py::test_gemv
4d4b803c99fe896d0f08aba5dcc86a8f319c18a5,2026-06-22 18:12:43,M_8192-K_2048-num_aie_columns_1-tile_size_input_4-tile_size_output_1024,5/5,3.762058,3.774232,3.643957,3.92101,0.10605526932453664,3.7597632,3.77193,3.641735,3.918618,0.10599033460981232,,,,,,iron/operators/gemv/test.py::test_gemv
7e6b95b65dcb69d511057cd3d8b565db1e1227e6,2026-04-27 21:22:14,M_8192-K_2048-num_aie_columns_2-tile_size_input_4-tile_size_output_1024,5/5,6.8649446,6.827658,6.706728,7.245839,0.2217027252917745,6.8607568,6.823493,6.702637,7.241419,0.22156753047366828,,,,,,n/a
5503a9566e74d9b7c3221a857d903c0e3b1b7a98,2026-05-11 23:50:48,M_8192-K_2048-num_aie_columns_2-tile_size_input_4-tile_size_output_1024,5/5,6.6571002,6.846448,5.663952,7.220315,0.592871847212532,6.6530394,6.842272,5.660497,7.215911,0.5925103024887415,,,,,,iron/operators/gemv/test.py::test_gemv
4d4b803c99fe896d0f08aba5dcc86a8f319c18a5,2026-06-22 18:12:43,M_8192-K_2048-num_aie_columns_2-tile_size_input_4-tile_size_output_1024,5/5,6.2473968,6.072568,5.661971,6.918309,0.600989662085547,6.2435862,6.068864,5.658518,6.914089,0.6006228538789545,,,,,,iron/operators/gemv/test.py::test_gemv
7e6b95b65dcb69d511057cd3d8b565db1e1227e6,2026-04-27 21:22:14,M_8192-K_2048-num_aie_columns_4-tile_size_input_4-tile_size_output_1024,5/5,9.935763,8.493153,7.718779,13.45423,2.574066561198156,9.9297026,8.487972,7.71407,13.44602,2.5724962049608164,,,,,,n/a
5503a9566e74d9b7c3221a857d903c0e3b1b7a98,2026-05-11 23:50:48,M_8192-K_2048-num_aie_columns_4-tile_size_input_4-tile_size_output_1024,5/5,10.733414400000001,10.87544,7.042912,14.1179,2.5433693964260877,10.7268652,10.8688,7.038616,14.10928,2.5418154718380324,,,,,,iron/operators/gemv/test.py::test_gemv
4d4b803c99fe896d0f08aba5dcc86a8f319c18a5,2026-06-22 18:12:43,M_8192-K_2048-num_aie_columns_4-tile_size_input_4-tile_size_output_1024,5/5,10.8845106,11.61164,7.386673,14.1162,3.3189770028416588,10.8778708,11.60456,7.382168,14.10759,3.3169511192508097,,,,,,iron/operators/gemv/test.py::test_gemv
7e6b95b65dcb69d511057cd3d8b565db1e1227e6,2026-04-27 21:22:14,embedding_dim_1024-hidden_dim_3584,5/5,0.00044,0.0002,0.0002,0.0008,0.0003286335345030997,,,,,,13431.046,17079.32,5073.22,20898.12,7644.235160372815,n/a
5503a9566e74d9b7c3221a857d903c0e3b1b7a98,2026-05-11 23:50:48,embedding_dim_1024-hidden_dim_3584,5/5,0.00033999999999999997,0.0003,0.0002,0.0007,0.0002073644135332772,,,,,,15364.616,15474.57,6250.44,22834.34,6018.198070928706,iron/operators/swiglu_decode/test.py::test_swiglu_decode
4d4b803c99fe896d0f08aba5dcc86a8f319c18a5,2026-06-22 18:12:43,embedding_dim_1024-hidden_dim_3584,5/5,0.00043999999999999996,0.0003,0.0002,0.0008,0.00025099800796022265,,,,,,11725.344000000001,13775.42,5176.26,17782.11,5279.682915557524,iron/operators/swiglu_decode/test.py::test_swiglu_decode
7e6b95b65dcb69d511057cd3d8b565db1e1227e6,2026-04-27 21:22:14,embedding_dim_2048-hidden_dim_2048,5/5,0.00102,0.0013,0.0005,0.0015,0.0004816637831516918,,,,,,10368.192,6405.06,5298.7,16938.26,5965.267724010381,n/a
5503a9566e74d9b7c3221a857d903c0e3b1b7a98,2026-05-11 23:50:48,embedding_dim_2048-hidden_dim_2048,5/5,0.00052,0.0005,0.0004,0.0006,8.366600265340752e-05,,,,,,16117.516000000001,16788.38,13481.94,19240.68,2305.0003485531192,iron/operators/swiglu_decode/test.py::test_swiglu_decode
4d4b803c99fe896d0f08aba5dcc86a8f319c18a5,2026-06-22 18:12:43,embedding_dim_2048-hidden_dim_2048,5/5,0.00098,0.0012,0.0004,0.0014,0.0004494441010848846,,,,,,10218.742,7013.58,5985.05,18997.36,5646.66131283965,iron/operators/swiglu_decode/test.py::test_swiglu_decode
7e6b95b65dcb69d511057cd3d8b565db1e1227e6,2026-04-27 21:22:14,input_length_2048-num_aie_columns_1-num_channels_1-tile_size_2048,30/30,0.022640124933333332,0.021024935,0.004009081,0.03583239,0.008624435469571607,,,,,,481.52,390.0,228.6,2043.4,419.32087738019504,n/a
5503a9566e74d9b7c3221a857d903c0e3b1b7a98,2026-05-11 23:50:48,input_length_2048-num_aie_columns_1-num_channels_1-tile_size_2048,5/5,0.027463702,0.02888036,0.01776864,0.03586533,0.008072006415995345,,,,,,322.18,283.7,228.4,461.0,102.83966647164897,iron/operators/gelu/test.py::test_gelu
5503a9566e74d9b7c3221a857d903c0e3b1b7a98,2026-05-11 23:50:48,input_length_2048-num_aie_columns_1-num_channels_1-tile_size_2048,5/5,0.023630986,0.01899282,0.01664411,0.0339941,0.00766556868691619,,,,,,374.78,431.3,241.0,492.2,109.27036194687011,iron/operators/layer_norm/test.py::test_layer_norm
5503a9566e74d9b7c3221a857d903c0e3b1b7a98,2026-05-11 23:50:48,input_length_2048-num_aie_columns_1-num_channels_1-tile_size_2048,5/5,0.027533928,0.03082492,0.01793467,0.03481913,0.007847784812188723,,,,,,320.66,265.8,235.3,456.8,102.02741298298217,iron/operators/relu/test.py::test_relu
5503a9566e74d9b7c3221a857d903c0e3b1b7a98,2026-05-11 23:50:48,input_length_2048-num_aie_columns_1-num_channels_1-tile_size_2048,5/5,0.030293902,0.03057583,0.02820878,0.03271683,0.001709277201910212,,,,,,271.08,267.9,250.4,290.4,15.17191484289309,iron/operators/sigmoid/test.py::test_sigmoid
5503a9566e74d9b7c3221a857d903c0e3b1b7a98,2026-05-11 23:50:48,input_length_2048-num_aie_columns_1-num_channels_1-tile_size_2048,5/5,0.027687192,0.02746219,0.01435143,0.04091152,0.009402299518430052,,,,,,331.54,298.3,200.2,570.8,140.0679406573824,iron/operators/silu/test.py::test_silu
5503a9566e74d9b7c3221a857d903c0e3b1b7a98,2026-05-11 23:50:48,input_length_2048-num_aie_columns_1-num_channels_1-tile_size_2048,5/5,0.021540656000000002,0.02031504,0.01321491,0.0344568,0.00846205667267893,,,,,,426.7,403.2,237.7,619.9,153.79705783921875,iron/operators/tanh/test.py::test_tanh
4d4b803c99fe896d0f08aba5dcc86a8f319c18a5,2026-06-22 18:12:43,input_length_2048-num_aie_columns_1-num_channels_1-tile_size_2048,5/5,0.026079632,0.02778145,0.01111155,0.03974654,0.010913397596494411,,,,,,380.5,294.9,206.1,737.3,212.15828996294252,iron/operators/gelu/test.py::test_gelu
4d4b803c99fe896d0f08aba5dcc86a8f319c18a5,2026-06-22 18:12:43,input_length_2048-num_aie_columns_1-num_channels_1-tile_size_2048,5/5,0.030898684,0.03078796,0.02831643,0.03568877,0.002938109073584574,,,,,,266.92,266.1,229.5,289.3,23.762828114515333,iron/operators/layer_norm/test.py::test_layer_norm
4d4b803c99fe896d0f08aba5dcc86a8f319c18a5,2026-06-22 18:12:43,input_length_2048-num_aie_columns_1-num_channels_1-tile_size_2048,5/5,0.016900401,0.01389523,0.00984108,0.03240981,0.009347290243508007,,,,,,588.3,589.6,252.8,832.4,248.2719073918755,iron/operators/relu/test.py::test_relu
4d4b803c99fe896d0f08aba5dcc86a8f319c18a5,2026-06-22 18:12:43,input_length_2048-num_aie_columns_1-num_channels_1-tile_size_2048,5/5,0.021075820000000002,0.01943443,0.01484343,0.03213835,0.006772512025806969,,,,,,417.14,421.5,254.9,551.9,113.77349427700635,iron/operators/sigmoid/test.py::test_sigmoid
4d4b803c99fe896d0f08aba5dcc86a8f319c18a5,2026-06-22 18:12:43,input_length_2048-num_aie_columns_1-num_channels_1-tile_size_2048,5/5,0.022643302,0.01937092,0.01159496,0.03607762,0.009699375696116735,,,,,,422.1,422.9,227.1,706.5,186.87224245457108,iron/operators/silu/test.py::test_silu
4d4b803c99fe896d0f08aba5dcc86a8f319c18a5,2026-06-22 18:12:43,input_length_2048-num_aie_columns_1-num_channels_1-tile_size_2048,5/5,0.026287202,0.02789431,0.02005307,0.02969655,0.004163182242602406,,,,,,318.78,293.7,275.9,408.5,56.54499977893714,iron/operators/tanh/test.py::test_tanh
7e6b95b65dcb69d511057cd3d8b565db1e1227e6,2026-04-27 21:22:14,input_length_2048-num_aie_columns_1-num_channels_1-tile_size_2048-group_size_32,5/5,0.015633272,0.01180769,0.01020363,0.02363347,0.006527965113848266,,,,,,382.28,444.5,222.1,514.3,140.19052036425288,n/a
5503a9566e74d9b7c3221a857d903c0e3b1b7a98,2026-05-11 23:50:48,input_length_2048-num_aie_columns_1-num_channels_1-tile_size_2048-group_size_32,5/5,0.015695984,0.0127198,0.01091369,0.02305617,0.005794996428694327,,,,,,370.26,412.6,227.6,480.9,122.40489369302193,iron/operators/dequant/test.py::test_dequant
4d4b803c99fe896d0f08aba5dcc86a8f319c18a5,2026-06-22 18:12:43,input_length_2048-num_aie_columns_1-num_channels_1-tile_size_2048-group_size_32,5/5,0.017076772,0.0182616,0.01190654,0.01986111,0.003081517553133521,,,,,,317.5,287.4,264.2,440.8,70.94892529136717,iron/operators/dequant/test.py::test_dequant
7e6b95b65dcb69d511057cd3d8b565db1e1227e6,2026-04-27 21:22:14,input_length_2048-num_aie_columns_1-num_channels_1-tile_size_2048-weighted_False,5/5,0.020436126,0.01530883,0.01168353,0.03112403,0.009295126447955401,,,,,,470.28000000000003,535.1,263.2,701.2,193.94261264611242,n/a
5503a9566e74d9b7c3221a857d903c0e3b1b7a98,2026-05-11 23:50:48,input_length_2048-num_aie_columns_1-num_channels_1-tile_size_2048-weighted_False,5/5,0.024105958,0.02293194,0.01484469,0.0344539,0.0076242224416310156,,,,,,369.65999999999997,357.2,237.8,551.8,121.97302160723902,iron/operators/rms_norm/test.py::test_rms_norm
4d4b803c99fe896d0f08aba5dcc86a8f319c18a5,2026-06-22 18:12:43,input_length_2048-num_aie_columns_1-num_channels_1-tile_size_2048-weighted_False,5/5,0.0187092696,0.015243,0.008842298,0.03254125,0.00943349719337536,,,,,,536.26,537.4,251.7,926.5,263.01057583298814,iron/operators/rms_norm/test.py::test_rms_norm
7e6b95b65dcb69d511057cd3d8b565db1e1227e6,2026-04-27 21:22:14,input_length_2048-num_aie_columns_1-num_channels_1-tile_size_2048-weighted_True,5/5,0.029442658,0.02466692,0.02020109,0.05244558,0.013066755023829367,,,,,,466.0,498.2,234.3,608.3,140.2388676508763,n/a
5503a9566e74d9b7c3221a857d903c0e3b1b7a98,2026-05-11 23:50:48,input_length_2048-num_aie_columns_1-num_channels_1-tile_size_2048-weighted_True,5/5,0.026308685999999998,0.02201085,0.02087822,0.03589058,0.00668450066771483,,,,,,489.52,558.3,342.4,588.6,110.96727896096218,iron/operators/rms_norm/test.py::test_rms_norm
4d4b803c99fe896d0f08aba5dcc86a8f319c18a5,2026-06-22 18:12:43,input_length_2048-num_aie_columns_1-num_channels_1-tile_size_2048-weighted_True,5/5,0.033873616,0.03408259,0.0151892,0.05271851,0.015093959791571595,,,,,,441.06,360.5,233.1,809.0,233.25175883581244,iron/operators/rms_norm/test.py::test_rms_norm
7e6b95b65dcb69d511057cd3d8b565db1e1227e6,2026-04-27 21:22:14,input_length_2048-num_aie_columns_1-num_channels_2-tile_size_1024,25/25,0.02251105592,0.01995605,0.003219728,0.03653375,0.008604569098207135,,,,,,477.52,410.5,224.2,2544.3,448.7303236169062,n/a
5503a9566e74d9b7c3221a857d903c0e3b1b7a98,2026-05-11 23:50:48,input_length_2048-num_aie_columns_1-num_channels_2-tile_size_1024,5/5,0.03260288,0.03319771,0.02907749,0.03496671,0.002421500676151051,,,,,,252.44,246.8,234.3,281.7,19.463118968962803,iron/operators/gelu/test.py::test_gelu
5503a9566e74d9b7c3221a857d903c0e3b1b7a98,2026-05-11 23:50:48,input_length_2048-num_aie_columns_1-num_channels_2-tile_size_1024,5/5,0.03438729,0.03412025,0.03176856,0.03666309,0.0018038413785724074,,,,,,238.76,240.1,223.4,257.9,12.755312618669906,iron/operators/layer_norm/test.py::test_layer_norm
5503a9566e74d9b7c3221a857d903c0e3b1b7a98,2026-05-11 23:50:48,input_length_2048-num_aie_columns_1-num_channels_2-tile_size_1024,5/5,0.027192546,0.02877668,0.01868634,0.03614926,0.007148855447159357,,,,,,319.59999999999997,284.7,226.6,438.4,88.43356263319939,iron/operators/relu/test.py::test_relu
5503a9566e74d9b7c3221a857d903c0e3b1b7a98,2026-05-11 23:50:48,input_length_2048-num_aie_columns_1-num_channels_2-tile_size_1024,5/5,0.016849508,0.0163958,0.01428776,0.01928441,0.001889034162097128,,,,,,491.2,499.6,424.8,573.4,56.199822063775244,iron/operators/sigmoid/test.py::test_sigmoid
5503a9566e74d9b7c3221a857d903c0e3b1b7a98,2026-05-11 23:50:48,input_length_2048-num_aie_columns_1-num_channels_2-tile_size_1024,5/5,0.021187278,0.01779647,0.01233516,0.03131714,0.008587518835505981,,,,,,441.14,460.3,261.6,664.1,171.97776891214747,iron/operators/tanh/test.py::test_tanh
4d4b803c99fe896d0f08aba5dcc86a8f319c18a5,2026-06-22 18:12:43,input_length_2048-num_aie_columns_1-num_channels_2-tile_size_1024,5/5,0.020444084,0.01649684,0.01396334,0.03681847,0.009409931038128282,,,,,,452.1,496.6,222.5,586.7,143.32297443187537,iron/operators/gelu/test.py::test_gelu
4d4b803c99fe896d0f08aba5dcc86a8f319c18a5,2026-06-22 18:12:43,input_length_2048-num_aie_columns_1-num_channels_2-tile_size_1024,5/5,0.022557326,0.01945109,0.01438311,0.0351745,0.00863343491330826,,,,,,404.74,421.2,232.9,569.6,139.2727467956312,iron/operators/layer_norm/test.py::test_layer_norm
4d4b803c99fe896d0f08aba5dcc86a8f319c18a5,2026-06-22 18:12:43,input_length_2048-num_aie_columns_1-num_channels_2-tile_size_1024,5/5,0.024094082,0.02501504,0.01293997,0.03387742,0.008789847658985337,,,,,,386.06,327.5,241.8,633.1,162.7481274853877,iron/operators/relu/test.py::test_relu
4d4b803c99fe896d0f08aba5dcc86a8f319c18a5,2026-06-22 18:12:43,input_length_2048-num_aie_columns_1-num_channels_2-tile_size_1024,5/5,0.022097234,0.02143347,0.01453885,0.03100271,0.0074297646272731945,,,,,,407.2,382.2,264.2,563.5,137.619384535755,iron/operators/sigmoid/test.py::test_sigmoid
4d4b803c99fe896d0f08aba5dcc86a8f319c18a5,2026-06-22 18:12:43,input_length_2048-num_aie_columns_1-num_channels_2-tile_size_1024,5/5,0.021407308,0.02041355,0.01375221,0.02788386,0.006093527053047357,,,,,,410.56,401.3,293.8,595.7,125.04304458865356,iron/operators/tanh/test.py::test_tanh
7e6b95b65dcb69d511057cd3d8b565db1e1227e6,2026-04-27 21:22:14,input_length_2048-num_aie_columns_1-num_channels_2-tile_size_1024-group_size_32,5/5,0.0137987274,0.01327858,0.009323827,0.02021899,0.004153360342809036,,,,,,407.04,395.2,259.6,562.9,114.54537528857284,n/a
5503a9566e74d9b7c3221a857d903c0e3b1b7a98,2026-05-11 23:50:48,input_length_2048-num_aie_columns_1-num_channels_2-tile_size_1024-group_size_32,5/5,0.013823168,0.01152859,0.01074688,0.01851062,0.003747462628842347,,,,,,401.06,455.2,283.5,488.3,98.97112205082854,iron/operators/dequant/test.py::test_dequant
4d4b803c99fe896d0f08aba5dcc86a8f319c18a5,2026-06-22 18:12:43,input_length_2048-num_aie_columns_1-num_channels_2-tile_size_1024-group_size_32,5/5,0.01671177,0.0184099,0.01173611,0.02007889,0.003917978759583824,,,,,,329.98,285.1,261.4,447.2,85.36780423555476,iron/operators/dequant/test.py::test_dequant
7e6b95b65dcb69d511057cd3d8b565db1e1227e6,2026-04-27 21:22:14,input_length_2048-num_aie_columns_1-num_channels_2-tile_size_1024-weighted_False,5/5,0.02228952,0.01658572,0.01190431,0.03628568,0.011401088747586786,,,,,,450.08000000000004,493.9,225.8,688.2,205.98470088819704,n/a
5503a9566e74d9b7c3221a857d903c0e3b1b7a98,2026-05-11 23:50:48,input_length_2048-num_aie_columns_1-num_channels_2-tile_size_1024-weighted_False,5/5,0.018027862,0.01571667,0.01303064,0.03198601,0.007904256084469305,,,,,,505.44000000000005,521.2,256.1,628.7,147.94552375790218,iron/operators/rms_norm/test.py::test_rms_norm
4d4b803c99fe896d0f08aba5dcc86a8f319c18a5,2026-06-22 18:12:43,input_length_2048-num_aie_columns_1-num_channels_2-tile_size_1024-weighted_False,5/5,0.018599536,0.01647686,0.01058644,0.03204895,0.008025651444177601,,,,,,499.6,497.2,255.6,773.8,185.21159520937127,iron/operators/rms_norm/test.py::test_rms_norm
7e6b95b65dcb69d511057cd3d8b565db1e1227e6,2026-04-27 21:22:14,input_length_2048-num_aie_columns_1-num_channels_2-tile_size_1024-weighted_True,5/5,0.025425488,0.02071072,0.02032807,0.04355186,0.010159055993062051,,,,,,439.53999999999996,494.4,235.1,503.7,115.47135142536438,n/a
5503a9566e74d9b7c3221a857d903c0e3b1b7a98,2026-05-11 23:50:48,input_length_2048-num_aie_columns_1-num_channels_2-tile_size_1024-weighted_True,5/5,0.035180814,0.02334675,0.01759864,0.07231843,0.02275921456765655,,,,,,379.18,438.6,141.6,581.9,180.76393998804076,iron/operators/rms_norm/test.py::test_rms_norm
4d4b803c99fe896d0f08aba5dcc86a8f319c18a5,2026-06-22 18:12:43,input_length_2048-num_aie_columns_1-num_channels_2-tile_size_1024-weighted_True,5/5,0.021310765,0.0214062,0.005530445,0.03903748,0.011989254636084554,,,,,,722.74,478.4,262.3,1851.6,640.7120905679867,iron/operators/rms_norm/test.py::test_rms_norm
7e6b95b65dcb69d511057cd3d8b565db1e1227e6,2026-04-27 21:22:14,input_length_2048-num_aie_columns_1-tile_size_2048,10/10,0.0329474888,0.03066579,0.005858168,0.06553181,0.018924714404232743,,,,,,579.21,401.05,187.5,2097.6,558.2439619019627,n/a
5503a9566e74d9b7c3221a857d903c0e3b1b7a98,2026-05-11 23:50:48,input_length_2048-num_aie_columns_1-tile_size_2048,5/5,0.034716762,0.03934338,0.01736844,0.04985941,0.013558930736565108,,,,,,412.8,312.3,246.5,707.5,194.03548644513458,iron/operators/elementwise_add/test.py::test_elementwise_add
5503a9566e74d9b7c3221a857d903c0e3b1b7a98,2026-05-11 23:50:48,input_length_2048-num_aie_columns_1-tile_size_2048,5/5,0.036203424,0.04059612,0.0264758,0.04302416,0.007943260094251604,,,,,,354.28000000000003,302.7,285.6,464.1,84.88543455740803,iron/operators/elementwise_mul/test.py::test_elementwise_mul
4d4b803c99fe896d0f08aba5dcc86a8f319c18a5,2026-06-22 18:12:43,input_length_2048-num_aie_columns_1-tile_size_2048,5/5,0.030162042,0.03129457,0.010524,0.04704441,0.013374476646787717,,,,,,526.56,392.7,261.2,1167.6,365.9717243176035,iron/operators/elementwise_add/test.py::test_elementwise_add
4d4b803c99fe896d0f08aba5dcc86a8f319c18a5,2026-06-22 18:12:43,input_length_2048-num_aie_columns_1-tile_size_2048,5/5,0.033519494,0.02752651,0.02495421,0.04577849,0.009861458595184081,,,,,,391.09999999999997,446.4,268.4,492.4,104.55199663325422,iron/operators/elementwise_mul/test.py::test_elementwise_mul
7e6b95b65dcb69d511057cd3d8b565db1e1227e6,2026-04-27 21:22:14,input_length_2048-num_aie_columns_1-tile_size_2048-scalar_factor_3.0,5/5,0.043146532,0.04609654,0.02125963,0.06767228,0.01785046771897784,,,,,,333.74,266.6,181.6,578.0,156.8357038432257,n/a
5503a9566e74d9b7c3221a857d903c0e3b1b7a98,2026-05-11 23:50:48,input_length_2048-num_aie_columns_1-tile_size_2048-scalar_factor_3.0,5/5,0.03563826,0.04067824,0.01927321,0.04886992,0.01311306987492822,,,,,,394.04,302.1,251.4,637.6,170.0067439838785,iron/operators/axpy/test.py::test_axpy
4d4b803c99fe896d0f08aba5dcc86a8f319c18a5,2026-06-22 18:12:43,input_length_2048-num_aie_columns_1-tile_size_2048-scalar_factor_3.0,5/5,0.037918252,0.04621669,0.02341138,0.0497889,0.013290067387397625,,,,,,364.88,265.9,246.8,524.9,145.7131497154598,iron/operators/axpy/test.py::test_axpy
7e6b95b65dcb69d511057cd3d8b565db1e1227e6,2026-04-27 21:22:14,input_length_2048-num_aie_columns_2-num_channels_1-tile_size_1024,30/30,0.024224622,0.02465398,0.0114342,0.05327784,0.008918610302419512,,,,,,381.50333333333333,332.85,153.8,716.4,133.27423757913175,n/a
5503a9566e74d9b7c3221a857d903c0e3b1b7a98,2026-05-11 23:50:48,input_length_2048-num_aie_columns_2-num_channels_1-tile_size_1024,5/5,0.025068556,0.02534277,0.01466287,0.03670086,0.008558741244469306,,,,,,361.5,323.2,223.2,558.7,132.0486842039708,iron/operators/gelu/test.py::test_gelu
5503a9566e74d9b7c3221a857d903c0e3b1b7a98,2026-05-11 23:50:48,input_length_2048-num_aie_columns_2-num_channels_1-tile_size_1024,5/5,0.02746068,0.02895191,0.01763108,0.04280936,0.010307933773989333,,,,,,332.94,283.0,191.4,464.6,119.17062557526498,iron/operators/layer_norm/test.py::test_layer_norm
5503a9566e74d9b7c3221a857d903c0e3b1b7a98,2026-05-11 23:50:48,input_length_2048-num_aie_columns_2-num_channels_1-tile_size_1024,5/5,0.02210221,0.01708119,0.01638895,0.04054241,0.010396853019171235,,,,,,417.16,479.6,202.1,499.8,124.86890325457337,iron/operators/relu/test.py::test_relu
5503a9566e74d9b7c3221a857d903c0e3b1b7a98,2026-05-11 23:50:48,input_length_2048-num_aie_columns_2-num_channels_1-tile_size_1024,5/5,0.026390643999999998,0.02855261,0.01478911,0.0306596,0.006592741354981249,,,,,,334.9,286.9,267.2,553.9,122.95257215690934,iron/operators/sigmoid/test.py::test_sigmoid
5503a9566e74d9b7c3221a857d903c0e3b1b7a98,2026-05-11 23:50:48,input_length_2048-num_aie_columns_2-num_channels_1-tile_size_1024,5/5,0.023583928,0.01983742,0.01044839,0.03720356,0.012348445026345219,,,,,,442.48,413.0,220.2,784.0,239.13479880602907,iron/operators/silu/test.py::test_silu
5503a9566e74d9b7c3221a857d903c0e3b1b7a98,2026-05-11 23:50:48,input_length_2048-num_aie_columns_2-num_channels_1-tile_size_1024,5/5,0.019042746,0.01680524,0.01392425,0.03275883,0.007785542839342034,,,,,,472.94,487.5,250.1,588.3,132.85271167725557,iron/operators/tanh/test.py::test_tanh
4d4b803c99fe896d0f08aba5dcc86a8f319c18a5,2026-06-22 18:12:43,input_length_2048-num_aie_columns_2-num_channels_1-tile_size_1024,5/5,0.018805742,0.0185981,0.01259438,0.02672635,0.005298357444705859,,,,,,463.74,440.5,306.5,650.4,128.93677908184304,iron/operators/gelu/test.py::test_gelu
4d4b803c99fe896d0f08aba5dcc86a8f319c18a5,2026-06-22 18:12:43,input_length_2048-num_aie_columns_2-num_channels_1-tile_size_1024,5/5,0.020411412,0.01708414,0.01194247,0.02941662,0.0076113419356359235,,,,,,449.9,479.5,278.5,686.0,167.5284901143683,iron/operators/layer_norm/test.py::test_layer_norm
4d4b803c99fe896d0f08aba5dcc86a8f319c18a5,2026-06-22 18:12:43,input_length_2048-num_aie_columns_2-num_channels_1-tile_size_1024,5/5,0.01841079,0.01603988,0.01457695,0.02750489,0.005404739762453878,,,,,,470.52,510.7,297.8,562.0,110.38046475712991,iron/operators/relu/test.py::test_relu
4d4b803c99fe896d0f08aba5dcc86a8f319c18a5,2026-06-22 18:12:43,input_length_2048-num_aie_columns_2-num_channels_1-tile_size_1024,5/5,0.01679725,0.01745954,0.0137835,0.01852099,0.0018201186840835404,,,,,,492.86,469.2,442.3,594.3,59.61898187658019,iron/operators/sigmoid/test.py::test_sigmoid
4d4b803c99fe896d0f08aba5dcc86a8f319c18a5,2026-06-22 18:12:43,input_length_2048-num_aie_columns_2-num_channels_1-tile_size_1024,5/5,0.023620452,0.01889203,0.0158064,0.03625533,0.008514706839000389,,,,,,380.71999999999997,433.6,226.0,518.3,119.80912736515526,iron/operators/silu/test.py::test_silu
4d4b803c99fe896d0f08aba5dcc86a8f319c18a5,2026-06-22 18:12:43,input_length_2048-num_aie_columns_2-num_channels_1-tile_size_1024,5/5,0.02346428,0.02311675,0.01528147,0.03028835,0.006340302639393485,,,,,,372.36,354.4,270.5,536.1,109.50766183240331,iron/operators/tanh/test.py::test_tanh
7e6b95b65dcb69d511057cd3d8b565db1e1227e6,2026-04-27 21:22:14,input_length_2048-num_aie_columns_2-num_channels_1-tile_size_1024-group_size_32,5/5,0.016585928,0.01426816,0.00916702,0.02652086,0.007505454820776687,,,,,,372.62,367.8,197.9,572.5,160.22514471829945,n/a
5503a9566e74d9b7c3221a857d903c0e3b1b7a98,2026-05-11 23:50:48,input_length_2048-num_aie_columns_2-num_channels_1-tile_size_1024-group_size_32,5/5,0.0148220648,0.01423673,0.009695214,0.01988964,0.004365603796163275,,,,,,380.92,368.6,263.9,541.3,116.03896759278754,iron/operators/dequant/test.py::test_dequant
4d4b803c99fe896d0f08aba5dcc86a8f319c18a5,2026-06-22 18:12:43,input_length_2048-num_aie_columns_2-num_channels_1-tile_size_1024-group_size_32,5/5,0.0140256806,0.0119612,0.009075455,0.02004507,0.0055397133127538115,,,,,,423.02,438.8,261.8,578.3,156.39148634116881,iron/operators/dequant/test.py::test_dequant
7e6b95b65dcb69d511057cd3d8b565db1e1227e6,2026-04-27 21:22:14,input_length_2048-num_aie_columns_2-num_channels_1-tile_size_1024-weighted_False,5/5,0.019353226,0.01637516,0.01613059,0.02911376,0.005570028452425535,,,,,,445.38,500.3,281.4,507.9,96.43986209032032,n/a
5503a9566e74d9b7c3221a857d903c0e3b1b7a98,2026-05-11 23:50:48,input_length_2048-num_aie_columns_2-num_channels_1-tile_size_1024-weighted_False,5/5,0.0175967784,0.0165669,0.003351642,0.02933099,0.00987426705729761,,,,,,822.8399999999999,494.5,279.3,2444.2,913.1573922385998,iron/operators/rms_norm/test.py::test_rms_norm
4d4b803c99fe896d0f08aba5dcc86a8f319c18a5,2026-06-22 18:12:43,input_length_2048-num_aie_columns_2-num_channels_1-tile_size_1024-weighted_False,5/5,0.022108266,0.02470439,0.01360054,0.0297224,0.007522900913363142,,,,,,412.64,331.6,275.6,602.3,155.82587397476706,iron/operators/rms_norm/test.py::test_rms_norm
7e6b95b65dcb69d511057cd3d8b565db1e1227e6,2026-04-27 21:22:14,input_length_2048-num_aie_columns_2-num_channels_1-tile_size_1024-weighted_True,5/5,0.027890632,0.02320317,0.01632942,0.04403222,0.012098429652532182,,,,,,424.6,441.3,232.6,627.1,169.65497340190177,n/a
5503a9566e74d9b7c3221a857d903c0e3b1b7a98,2026-05-11 23:50:48,input_length_2048-num_aie_columns_2-num_channels_1-tile_size_1024-weighted_True,5/5,0.032035898,0.02809359,0.01968746,0.06041013,0.01637603994308972,,,,,,371.56,364.5,169.5,520.1,133.34900824528094,iron/operators/rms_norm/test.py::test_rms_norm
4d4b803c99fe896d0f08aba5dcc86a8f319c18a5,2026-06-22 18:12:43,input_length_2048-num_aie_columns_2-num_channels_1-tile_size_1024-weighted_True,5/5,0.02673901,0.02310209,0.0184119,0.03793787,0.008175826316474073,,,,,,411.2,443.2,269.9,556.2,117.35265229214039,iron/operators/rms_norm/test.py::test_rms_norm
7e6b95b65dcb69d511057cd3d8b565db1e1227e6,2026-04-27 21:22:14,input_length_2048-num_aie_columns_2-num_channels_2-tile_size_512,25/25,0.0244670964,0.02441067,0.01202086,0.0422957,0.007711431936310467,,,,,,369.38,335.6,193.7,681.5,121.12125467205719,n/a
5503a9566e74d9b7c3221a857d903c0e3b1b7a98,2026-05-11 23:50:48,input_length_2048-num_aie_columns_2-num_channels_2-tile_size_512,5/5,0.01679769,0.01613377,0.01418538,0.02005297,0.0027207595816334086,,,,,,497.86,507.8,408.5,577.5,78.61725637542943,iron/operators/gelu/test.py::test_gelu
5503a9566e74d9b7c3221a857d903c0e3b1b7a98,2026-05-11 23:50:48,input_length_2048-num_aie_columns_2-num_channels_2-tile_size_512,5/5,0.023303973999999998,0.02108243,0.01693227,0.03544096,0.00721869500566619,,,,,,374.42,388.6,231.1,483.8,94.69082320901008,iron/operators/layer_norm/test.py::test_layer_norm
5503a9566e74d9b7c3221a857d903c0e3b1b7a98,2026-05-11 23:50:48,input_length_2048-num_aie_columns_2-num_channels_2-tile_size_512,5/5,0.025725996,0.02939214,0.01715573,0.03418875,0.007615858199555056,,,,,,344.5,278.7,239.6,477.5,110.9095352077539,iron/operators/relu/test.py::test_relu
5503a9566e74d9b7c3221a857d903c0e3b1b7a98,2026-05-11 23:50:48,input_length_2048-num_aie_columns_2-num_channels_2-tile_size_512,5/5,0.0136850618,0.01465052,0.006208309,0.01953928,0.004810989915806954,,,,,,694.1800000000001,559.2,419.3,1319.5,357.15065028640225,iron/operators/sigmoid/test.py::test_sigmoid
5503a9566e74d9b7c3221a857d903c0e3b1b7a98,2026-05-11 23:50:48,input_length_2048-num_aie_columns_2-num_channels_2-tile_size_512,5/5,0.023917528,0.02645807,0.01647975,0.03079352,0.0060089446642875655,,,,,,362.14,309.6,266.0,497.1,98.70530887444708,iron/operators/tanh/test.py::test_tanh
4d4b803c99fe896d0f08aba5dcc86a8f319c18a5,2026-06-22 18:12:43,input_length_2048-num_aie_columns_2-num_channels_2-tile_size_512,5/5,0.02415633,0.0258224,0.01750929,0.02998624,0.005559122120344183,,,,,,355.14,317.2,273.2,467.9,87.39890159492852,iron/operators/gelu/test.py::test_gelu
4d4b803c99fe896d0f08aba5dcc86a8f319c18a5,2026-06-22 18:12:43,input_length_2048-num_aie_columns_2-num_channels_2-tile_size_512,5/5,0.019959146,0.01679397,0.01399655,0.03759557,0.009955949535482792,,,,,,468.41999999999996,487.8,217.9,585.3,147.84933885547136,iron/operators/layer_norm/test.py::test_layer_norm
4d4b803c99fe896d0f08aba5dcc86a8f319c18a5,2026-06-22 18:12:43,input_length_2048-num_aie_columns_2-num_channels_2-tile_size_512,5/5,0.024215026,0.02573859,0.01530177,0.03442653,0.008518407775989008,,,,,,377.36,318.3,238.0,535.4,140.69560405357373,iron/operators/relu/test.py::test_relu
4d4b803c99fe896d0f08aba5dcc86a8f319c18a5,2026-06-22 18:12:43,input_length_2048-num_aie_columns_2-num_channels_2-tile_size_512,5/5,0.020939132,0.01650714,0.01223024,0.03458671,0.009561834046759544,,,,,,456.22,496.3,236.9,669.8,182.8241696275413,iron/operators/sigmoid/test.py::test_sigmoid
4d4b803c99fe896d0f08aba5dcc86a8f319c18a5,2026-06-22 18:12:43,input_length_2048-num_aie_columns_2-num_channels_2-tile_size_512,5/5,0.023863336,0.02748366,0.01180999,0.03590022,0.010041871939082373,,,,,,408.3,298.1,228.2,693.6,199.02899286284904,iron/operators/tanh/test.py::test_tanh
7e6b95b65dcb69d511057cd3d8b565db1e1227e6,2026-04-27 21:22:14,input_length_2048-num_aie_columns_2-num_channels_2-tile_size_512-group_size_32,5/5,0.0142333716,0.01699862,0.008019928,0.01809936,0.004486776911270806,,,,,,408.0,308.7,290.0,654.4,158.17416034232645,n/a
5503a9566e74d9b7c3221a857d903c0e3b1b7a98,2026-05-11 23:50:48,input_length_2048-num_aie_columns_2-num_channels_2-tile_size_512-group_size_32,5/5,0.0113676032,0.01110552,0.008585123,0.01662006,0.003231071447809797,,,,,,488.34,472.6,315.8,611.3,119.7713780500166,iron/operators/dequant/test.py::test_dequant
4d4b803c99fe896d0f08aba5dcc86a8f319c18a5,2026-06-22 18:12:43,input_length_2048-num_aie_columns_2-num_channels_2-tile_size_512-group_size_32,5/5,0.0101081586,0.01111125,0.002551013,0.01580195,0.004921117886354664,,,,,,777.02,472.3,332.1,2057.2,721.8841506779324,iron/operators/dequant/test.py::test_dequant
7e6b95b65dcb69d511057cd3d8b565db1e1227e6,2026-04-27 21:22:14,input_length_2048-num_aie_columns_2-num_channels_2-tile_size_512-weighted_False,5/5,0.022242005999999998,0.0167708,0.01535454,0.03478807,0.008840737660205735,,,,,,412.2,488.5,235.5,533.5,139.26819450254965,n/a
5503a9566e74d9b7c3221a857d903c0e3b1b7a98,2026-05-11 23:50:48,input_length_2048-num_aie_columns_2-num_channels_2-tile_size_512-weighted_False,5/5,0.015078320000000001,0.01282362,0.00413873,0.03057812,0.009905405905370562,,,,,,828.6,638.8,267.9,1979.4,671.8257623818843,iron/operators/rms_norm/test.py::test_rms_norm
4d4b803c99fe896d0f08aba5dcc86a8f319c18a5,2026-06-22 18:12:43,input_length_2048-num_aie_columns_2-num_channels_2-tile_size_512-weighted_False,5/5,0.02451801,0.02680172,0.01313096,0.03573251,0.008779543878707483,,,,,,377.46,305.7,229.3,623.9,157.43031156673734,iron/operators/rms_norm/test.py::test_rms_norm
7e6b95b65dcb69d511057cd3d8b565db1e1227e6,2026-04-27 21:22:14,input_length_2048-num_aie_columns_2-num_channels_2-tile_size_512-weighted_True,5/5,0.019252828,0.01962718,0.0162742,0.02371407,0.003043439296613291,,,,,,488.02,469.6,388.6,566.3,74.2532962231307,n/a
5503a9566e74d9b7c3221a857d903c0e3b1b7a98,2026-05-11 23:50:48,input_length_2048-num_aie_columns_2-num_channels_2-tile_size_512-weighted_True,5/5,0.026713886,0.02624071,0.0154066,0.04721868,0.012921156857246954,,,,,,408.44,351.2,195.2,598.2,173.7688349503443,iron/operators/rms_norm/test.py::test_rms_norm
4d4b803c99fe896d0f08aba5dcc86a8f319c18a5,2026-06-22 18:12:43,input_length_2048-num_aie_columns_2-num_channels_2-tile_size_512-weighted_True,5/5,0.015985664,0.01586127,0.0142862,0.01749739,0.0011804325134373423,,,,,,579.08,581.0,526.7,645.1,43.72513007413471,iron/operators/rms_norm/test.py::test_rms_norm
7e6b95b65dcb69d511057cd3d8b565db1e1227e6,2026-04-27 21:22:14,input_length_2048-num_aie_columns_2-tile_size_1024,10/10,0.0328804713,0.030985535,0.006508023,0.05933681,0.016215549142448264,,,,,,544.9,416.8,207.1,1888.1,493.84327473399895,n/a
5503a9566e74d9b7c3221a857d903c0e3b1b7a98,2026-05-11 23:50:48,input_length_2048-num_aie_columns_2-tile_size_1024,5/5,0.0307102128,0.02555932,0.006364234,0.04962122,0.017714578507641927,,,,,,681.16,480.8,247.6,1930.8,707.6664242423827,iron/operators/elementwise_add/test.py::test_elementwise_add
5503a9566e74d9b7c3221a857d903c0e3b1b7a98,2026-05-11 23:50:48,input_length_2048-num_aie_columns_2-tile_size_1024,5/5,0.033570119600000004,0.04095399,0.006259488,0.05124249,0.017728590993827762,,,,,,651.12,300.0,239.8,1963.1,738.4862334532716,iron/operators/elementwise_mul/test.py::test_elementwise_mul
4d4b803c99fe896d0f08aba5dcc86a8f319c18a5,2026-06-22 18:12:43,input_length_2048-num_aie_columns_2-tile_size_1024,5/5,0.032849810800000004,0.02886153,0.004999384,0.06911019,0.024019172401618945,,,,,,790.96,425.8,177.8,2457.9,944.1653419820069,iron/operators/elementwise_add/test.py::test_elementwise_add
4d4b803c99fe896d0f08aba5dcc86a8f319c18a5,2026-06-22 18:12:43,input_length_2048-num_aie_columns_2-tile_size_1024,5/5,0.024727114,0.02424869,0.02171332,0.02895354,0.003187067679094688,,,,,,503.44,506.7,424.4,565.9,63.318228023216186,iron/operators/elementwise_mul/test.py::test_elementwise_mul
7e6b95b65dcb69d511057cd3d8b565db1e1227e6,2026-04-27 21:22:14,input_length_2048-num_aie_columns_2-tile_size_1024-scalar_factor_3.0,5/5,0.041429574000000004,0.04173729,0.02625585,0.0638696,0.014213165365935554,,,,,,323.65999999999997,294.4,192.4,468.0,103.18269234711798,n/a
5503a9566e74d9b7c3221a857d903c0e3b1b7a98,2026-05-11 23:50:48,input_length_2048-num_aie_columns_2-tile_size_1024-scalar_factor_3.0,5/5,0.039962628,0.04955918,0.0207111,0.05200059,0.015393656119397692,,,,,,358.3,247.9,236.3,593.3,166.51490924238584,iron/operators/axpy/test.py::test_axpy
4d4b803c99fe896d0f08aba5dcc86a8f319c18a5,2026-06-22 18:12:43,input_length_2048-num_aie_columns_2-tile_size_1024-scalar_factor_3.0,5/5,0.03612926,0.0257133,0.02322167,0.06195672,0.017077467862942973,,,,,,396.12,477.9,198.3,529.2,150.83717048526202,iron/operators/axpy/test.py::test_axpy
7e6b95b65dcb69d511057cd3d8b565db1e1227e6,2026-04-27 21:22:14,input_length_2048-num_aie_columns_4-num_channels_1-tile_size_512,30/30,0.0214781067,0.019651155,0.003389725,0.04082772,0.009373238106636891,,,,,,509.59,416.95000000000005,200.6,2416.7,418.2522348601585,n/a
5503a9566e74d9b7c3221a857d903c0e3b1b7a98,2026-05-11 23:50:48,input_length_2048-num_aie_columns_4-num_channels_1-tile_size_512,5/5,0.029800198,0.03443941,0.01816174,0.04056671,0.010337214016603797,,,,,,307.82,237.9,201.9,451.1,119.42284957243317,iron/operators/gelu/test.py::test_gelu
5503a9566e74d9b7c3221a857d903c0e3b1b7a98,2026-05-11 23:50:48,input_length_2048-num_aie_columns_4-num_channels_1-tile_size_512,5/5,0.024654587999999998,0.0232945,0.0152432,0.0358042,0.009150572722989529,,,,,,372.46,351.7,228.8,537.4,137.90878507187279,iron/operators/layer_norm/test.py::test_layer_norm
5503a9566e74d9b7c3221a857d903c0e3b1b7a98,2026-05-11 23:50:48,input_length_2048-num_aie_columns_4-num_channels_1-tile_size_512,5/5,0.020684232,0.01947555,0.01442236,0.02789697,0.004991420923666927,,,,,,415.18,420.6,293.7,568.0,101.65735093931968,iron/operators/relu/test.py::test_relu
5503a9566e74d9b7c3221a857d903c0e3b1b7a98,2026-05-11 23:50:48,input_length_2048-num_aie_columns_4-num_channels_1-tile_size_512,5/5,0.014474721599999999,0.01441114,0.003337168,0.02710447,0.00845176189536376,,,,,,903.94,568.4,302.2,2454.8,876.1054890822224,iron/operators/sigmoid/test.py::test_sigmoid
5503a9566e74d9b7c3221a857d903c0e3b1b7a98,2026-05-11 23:50:48,input_length_2048-num_aie_columns_4-num_channels_1-tile_size_512,5/5,0.021126655,0.0159478,0.007277075,0.04054241,0.012998572880350173,,,,,,540.6,513.7,202.1,1125.7,359.0654675682417,iron/operators/silu/test.py::test_silu
5503a9566e74d9b7c3221a857d903c0e3b1b7a98,2026-05-11 23:50:48,input_length_2048-num_aie_columns_4-num_channels_1-tile_size_512,5/5,0.025580186,0.01831224,0.01693437,0.04351105,0.011646361267006532,,,,,,368.2,447.4,188.3,483.8,133.98893611041174,iron/operators/tanh/test.py::test_tanh
4d4b803c99fe896d0f08aba5dcc86a8f319c18a5,2026-06-22 18:12:43,input_length_2048-num_aie_columns_4-num_channels_1-tile_size_512,5/5,0.020371048,0.01717458,0.01298934,0.03262965,0.00849629357151517,,,,,,457.12,477.0,251.1,630.7,168.65269639113396,iron/operators/gelu/test.py::test_gelu
4d4b803c99fe896d0f08aba5dcc86a8f319c18a5,2026-06-22 18:12:43,input_length_2048-num_aie_columns_4-num_channels_1-tile_size_512,5/5,0.022678356,0.0235157,0.01373835,0.0341177,0.008162389317683273,,,,,,402.18,348.4,240.1,596.3,146.79171298135327,iron/operators/layer_norm/test.py::test_layer_norm
4d4b803c99fe896d0f08aba5dcc86a8f319c18a5,2026-06-22 18:12:43,input_length_2048-num_aie_columns_4-num_channels_1-tile_size_512,5/5,0.0153109254,0.01551427,0.007832047,0.02059974,0.0046812217679411215,,,,,,595.98,528.0,397.7,1046.0,257.38929076400984,iron/operators/relu/test.py::test_relu
4d4b803c99fe896d0f08aba5dcc86a8f319c18a5,2026-06-22 18:12:43,input_length_2048-num_aie_columns_4-num_channels_1-tile_size_512,5/5,0.0191600904,0.01666663,0.005888412,0.03400285,0.010894601062841668,,,,,,608.86,491.5,240.9,1391.2,459.5613811015891,iron/operators/sigmoid/test.py::test_sigmoid
4d4b803c99fe896d0f08aba5dcc86a8f319c18a5,2026-06-22 18:12:43,input_length_2048-num_aie_columns_4-num_channels_1-tile_size_512,5/5,0.01997336,0.02095184,0.01292609,0.02590577,0.005879932046469585,,,,,,443.14,391.0,316.2,633.8,141.62163676500847,iron/operators/silu/test.py::test_silu
4d4b803c99fe896d0f08aba5dcc86a8f319c18a5,2026-06-22 18:12:43,input_length_2048-num_aie_columns_4-num_channels_1-tile_size_512,5/5,0.020548957200000002,0.01579449,0.008295276,0.03349018,0.011220404359169914,,,,,,521.28,518.7,244.6,987.5,302.91957183384505,iron/operators/tanh/test.py::test_tanh
7e6b95b65dcb69d511057cd3d8b565db1e1227e6,2026-04-27 21:22:14,input_length_2048-num_aie_columns_4-num_channels_1-tile_size_512-group_size_32,5/5,0.015023042,0.01233633,0.01003398,0.02127073,0.005152066847370093,,,,,,382.24,425.4,246.7,523.0,121.27779269099517,n/a
5503a9566e74d9b7c3221a857d903c0e3b1b7a98,2026-05-11 23:50:48,input_length_2048-num_aie_columns_4-num_channels_1-tile_size_512-group_size_32,5/5,0.016716542,0.01884083,0.01073432,0.02143791,0.00520843893906514,,,,,,343.44,278.5,244.8,488.9,118.9659741270587,iron/operators/dequant/test.py::test_dequant
4d4b803c99fe896d0f08aba5dcc86a8f319c18a5,2026-06-22 18:12:43,input_length_2048-num_aie_columns_4-num_channels_1-tile_size_512-group_size_32,5/5,0.0179321044,0.01929908,0.008300462,0.02149701,0.005490732935345409,,,,,,333.44,271.9,244.1,632.3,167.62827327154568,iron/operators/dequant/test.py::test_dequant
7e6b95b65dcb69d511057cd3d8b565db1e1227e6,2026-04-27 21:22:14,input_length_2048-num_aie_columns_4-num_channels_1-tile_size_512-weighted_False,5/5,0.022363096,0.01772282,0.0130966,0.03739239,0.009996748720300515,,,,,,422.84,462.2,219.1,625.5,163.87482417992095,n/a
5503a9566e74d9b7c3221a857d903c0e3b1b7a98,2026-05-11 23:50:48,input_length_2048-num_aie_columns_4-num_channels_1-tile_size_512-weighted_False,5/5,0.021301652,0.01620926,0.01444935,0.03835906,0.009918038269666538,,,,,,436.21999999999997,505.4,213.6,566.9,142.40890772700982,iron/operators/rms_norm/test.py::test_rms_norm
4d4b803c99fe896d0f08aba5dcc86a8f319c18a5,2026-06-22 18:12:43,input_length_2048-num_aie_columns_4-num_channels_1-tile_size_512-weighted_False,5/5,0.0197820138,0.01637755,0.003453489,0.03710246,0.012829728742521885,,,,,,789.76,500.2,220.8,2372.1,895.1884120116837,iron/operators/rms_norm/test.py::test_rms_norm
7e6b95b65dcb69d511057cd3d8b565db1e1227e6,2026-04-27 21:22:14,input_length_2048-num_aie_columns_4-num_channels_1-tile_size_512-weighted_True,5/5,0.021853,0.02109156,0.01830616,0.02816669,0.0037964855484974532,,,,,,430.86,437.0,327.2,503.4,66.22498018119748,n/a
5503a9566e74d9b7c3221a857d903c0e3b1b7a98,2026-05-11 23:50:48,input_length_2048-num_aie_columns_4-num_channels_1-tile_size_512-weighted_True,5/5,0.020543944,0.01664226,0.01466064,0.03415016,0.007996015401837968,,,,,,492.22,553.8,269.9,628.6,143.17704774159859,iron/operators/rms_norm/test.py::test_rms_norm
4d4b803c99fe896d0f08aba5dcc86a8f319c18a5,2026-06-22 18:12:43,input_length_2048-num_aie_columns_4-num_channels_1-tile_size_512-weighted_True,5/5,0.032872126,0.03462982,0.02139986,0.03865172,0.00674511119236592,,,,,,293.12,266.1,238.4,430.7,78.36684247818077,iron/operators/rms_norm/test.py::test_rms_norm
7e6b95b65dcb69d511057cd3d8b565db1e1227e6,2026-04-27 21:22:14,input_length_2048-num_aie_columns_4-num_channels_2-tile_size_256,25/25,0.0200947316,0.01720885,0.01189203,0.03192493,0.007125666491721248,,,,,,455.084,476.0,256.6,688.9,143.64611225740384,n/a
5503a9566e74d9b7c3221a857d903c0e3b1b7a98,2026-05-11 23:50:48,input_length_2048-num_aie_columns_4-num_channels_2-tile_size_256,5/5,0.021729984,0.02019814,0.01512195,0.0292324,0.006760165544890893,,,,,,407.5,405.6,280.2,541.7,123.823422663081,iron/operators/gelu/test.py::test_gelu
5503a9566e74d9b7c3221a857d903c0e3b1b7a98,2026-05-11 23:50:48,input_length_2048-num_aie_columns_4-num_channels_2-tile_size_256,5/5,0.0154591444,0.01582558,0.004261932,0.02315073,0.007222800733819728,,,,,,757.68,517.6,353.9,1922.1,657.3267961980555,iron/operators/layer_norm/test.py::test_layer_norm
5503a9566e74d9b7c3221a857d903c0e3b1b7a98,2026-05-11 23:50:48,input_length_2048-num_aie_columns_4-num_channels_2-tile_size_256,5/5,0.022092238,0.02175091,0.01635417,0.02840174,0.005604472542083688,,,,,,390.88,376.6,288.4,500.9,99.77027112321585,iron/operators/relu/test.py::test_relu
5503a9566e74d9b7c3221a857d903c0e3b1b7a98,2026-05-11 23:50:48,input_length_2048-num_aie_columns_4-num_channels_2-tile_size_256,5/5,0.017838428400000002,0.01813553,0.007444572,0.02748892,0.007111350534449332,,,,,,551.7,451.7,298.0,1100.4,314.2608629785135,iron/operators/sigmoid/test.py::test_sigmoid
5503a9566e74d9b7c3221a857d903c0e3b1b7a98,2026-05-11 23:50:48,input_length_2048-num_aie_columns_4-num_channels_2-tile_size_256,5/5,0.018068048,0.01900163,0.01279173,0.0210336,0.0031581008959214716,,,,,,467.24,431.1,389.5,640.4,99.84379299686084,iron/operators/tanh/test.py::test_tanh
4d4b803c99fe896d0f08aba5dcc86a8f319c18a5,2026-06-22 18:12:43,input_length_2048-num_aie_columns_4-num_channels_2-tile_size_256,5/5,0.019906352,0.01988876,0.01180352,0.03146799,0.007577296900793185,,,,,,460.34,411.9,260.3,694.0,168.23740071696307,iron/operators/gelu/test.py::test_gelu
4d4b803c99fe896d0f08aba5dcc86a8f319c18a5,2026-06-22 18:12:43,input_length_2048-num_aie_columns_4-num_channels_2-tile_size_256,5/5,0.020069004,0.01822907,0.01259864,0.02750018,0.006030852402888832,,,,,,440.82,449.4,297.9,650.2,139.6063465606059,iron/operators/layer_norm/test.py::test_layer_norm
4d4b803c99fe896d0f08aba5dcc86a8f319c18a5,2026-06-22 18:12:43,input_length_2048-num_aie_columns_4-num_channels_2-tile_size_256,5/5,0.020790282,0.01686013,0.01343717,0.03305838,0.008496350535657646,,,,,,444.7,485.9,247.8,609.7,157.9681455230769,iron/operators/relu/test.py::test_relu
4d4b803c99fe896d0f08aba5dcc86a8f319c18a5,2026-06-22 18:12:43,input_length_2048-num_aie_columns_4-num_channels_2-tile_size_256,5/5,0.016854252,0.01682716,0.01284405,0.02049542,0.0027281720242994215,,,,,,497.14,486.8,399.7,637.8,86.89898158206456,iron/operators/sigmoid/test.py::test_sigmoid
4d4b803c99fe896d0f08aba5dcc86a8f319c18a5,2026-06-22 18:12:43,input_length_2048-num_aie_columns_4-num_channels_2-tile_size_256,5/5,0.020223594,0.01937775,0.01553051,0.02710276,0.004275404001627214,,,,,,418.56,422.8,302.3,527.5,81.24286430204192,iron/operators/tanh/test.py::test_tanh
7e6b95b65dcb69d511057cd3d8b565db1e1227e6,2026-04-27 21:22:14,input_length_2048-num_aie_columns_4-num_channels_2-tile_size_256-group_size_32,5/5,0.014509452,0.0130594,0.01027851,0.0195438,0.0037329093569989083,,,,,,381.08,401.9,268.5,510.6,95.74456642546355,n/a
5503a9566e74d9b7c3221a857d903c0e3b1b7a98,2026-05-11 23:50:48,input_length_2048-num_aie_columns_4-num_channels_2-tile_size_256-group_size_32,5/5,0.0131046072,0.0105838,0.008793536,0.02189029,0.005269642825468269,,,,,,443.82,495.9,239.7,596.8,138.9053886643711,iron/operators/dequant/test.py::test_dequant
4d4b803c99fe896d0f08aba5dcc86a8f319c18a5,2026-06-22 18:12:43,input_length_2048-num_aie_columns_4-num_channels_2-tile_size_256-group_size_32,5/5,0.0143033052,0.01468588,0.008718796,0.01716985,0.0034086167005392674,,,,,,389.9,357.4,305.7,601.9,122.15291646129452,iron/operators/dequant/test.py::test_dequant
7e6b95b65dcb69d511057cd3d8b565db1e1227e6,2026-04-27 21:22:14,input_length_2048-num_aie_columns_4-num_channels_2-tile_size_256-weighted_False,5/5,0.018767029,0.01682253,0.009841245,0.02632264,0.006665365310934203,,,,,,492.9,487.0,311.2,832.4,207.9963220828676,n/a
5503a9566e74d9b7c3221a857d903c0e3b1b7a98,2026-05-11 23:50:48,input_length_2048-num_aie_columns_4-num_channels_2-tile_size_256-weighted_False,5/5,0.0191819674,0.01703919,0.008583637,0.0375382,0.01086514741398679,,,,,,531.76,480.8,218.2,954.4,266.29514265190795,iron/operators/rms_norm/test.py::test_rms_norm
4d4b803c99fe896d0f08aba5dcc86a8f319c18a5,2026-06-22 18:12:43,input_length_2048-num_aie_columns_4-num_channels_2-tile_size_256-weighted_False,5/5,0.018917905999999998,0.01647488,0.01257792,0.03470569,0.009017024648509616,,,,,,491.86,497.2,236.0,651.3,159.27089501851867,iron/operators/rms_norm/test.py::test_rms_norm
7e6b95b65dcb69d511057cd3d8b565db1e1227e6,2026-04-27 21:22:14,input_length_2048-num_aie_columns_4-tile_size_512,10/10,0.033893318,0.030417629999999998,0.01908131,0.05788854,0.012778184243865533,,,,,,408.91,405.1,212.3,644.0,143.50406459593944,n/a
5503a9566e74d9b7c3221a857d903c0e3b1b7a98,2026-05-11 23:50:48,input_length_2048-num_aie_columns_4-tile_size_512,5/5,0.023049133,0.01968717,0.005064015,0.04341252,0.014237132004653185,,,,,,887.6800000000001,624.2,283.1,2426.5,874.8362543927864,iron/operators/elementwise_add/test.py::test_elementwise_add
5503a9566e74d9b7c3221a857d903c0e3b1b7a98,2026-05-11 23:50:48,input_length_2048-num_aie_columns_4-tile_size_512,5/5,0.030016874,0.0256368,0.0220247,0.03933708,0.008382754724306324,,,,,,434.56,479.3,312.4,557.9,113.26726358485051,iron/operators/elementwise_mul/test.py::test_elementwise_mul
4d4b803c99fe896d0f08aba5dcc86a8f319c18a5,2026-06-22 18:12:43,input_length_2048-num_aie_columns_4-tile_size_512,5/5,0.027818036,0.02476376,0.01673487,0.05049185,0.013690500684537801,,,,,,516.9,496.2,243.4,734.3,201.68485317445132,iron/operators/elementwise_add/test.py::test_elementwise_add
4d4b803c99fe896d0f08aba5dcc86a8f319c18a5,2026-06-22 18:12:43,input_length_2048-num_aie_columns_4-tile_size_512,5/5,0.030349212,0.0234481,0.0198254,0.05102757,0.013099962743900077,,,,,,458.54,524.1,240.8,619.8,159.3085308450241,iron/operators/elementwise_mul/test.py::test_elementwise_mul
7e6b95b65dcb69d511057cd3d8b565db1e1227e6,2026-04-27 21:22:14,input_length_2048-num_aie_columns_4-tile_size_512-scalar_factor_3.0,5/5,0.044792598,0.0439083,0.02675061,0.06714974,0.014472022197325084,,,,,,298.74,279.9,183.0,459.4,100.19143176938833,n/a
5503a9566e74d9b7c3221a857d903c0e3b1b7a98,2026-05-11 23:50:48,input_length_2048-num_aie_columns_4-tile_size_512-scalar_factor_3.0,5/5,0.032785728,0.03497158,0.01930537,0.04954919,0.013112034735956124,,,,,,431.7,351.4,248.0,636.5,181.8307179769139,iron/operators/axpy/test.py::test_axpy
4d4b803c99fe896d0f08aba5dcc86a8f319c18a5,2026-06-22 18:12:43,input_length_2048-num_aie_columns_4-tile_size_512-scalar_factor_3.0,5/5,0.033362872,0.02653262,0.01816416,0.05449417,0.015293410103713627,,,,,,433.18,463.1,225.5,676.5,183.67974030904986,iron/operators/axpy/test.py::test_axpy
7e6b95b65dcb69d511057cd3d8b565db1e1227e6,2026-04-27 21:22:14,input_length_2048-num_cores_1-num_channels_1-bypass_False-tile_size_2048,5/5,0.027864012,0.02925432,0.01746166,0.03551024,0.006637896106747226,,,,,,311.22,280.0,230.7,469.1,92.37086661929725,n/a
5503a9566e74d9b7c3221a857d903c0e3b1b7a98,2026-05-11 23:50:48,input_length_2048-num_cores_1-num_channels_1-bypass_False-tile_size_2048,5/5,0.022009703999999998,0.01625407,0.01535281,0.03434959,0.00872577568691632,,,,,,416.26,504.0,238.5,533.6,139.99336770004498,iron/operators/mem_copy/test.py::test_mem_copy
4d4b803c99fe896d0f08aba5dcc86a8f319c18a5,2026-06-22 18:12:43,input_length_2048-num_cores_1-num_channels_1-bypass_False-tile_size_2048,5/5,0.018891708,0.0153098,0.01384113,0.03176758,0.007574783601388886,,,,,,478.24,535.1,257.9,591.9,142.02361775423128,iron/operators/mem_copy/test.py::test_mem_copy
7e6b95b65dcb69d511057cd3d8b565db1e1227e6,2026-04-27 21:22:14,input_length_2048-num_cores_2-num_channels_1-bypass_False-tile_size_1024,5/5,0.024795131999999998,0.02332242,0.01586487,0.03369017,0.008034150695933578,,,,,,360.58,351.2,243.2,516.4,118.51561922379682,n/a
5503a9566e74d9b7c3221a857d903c0e3b1b7a98,2026-05-11 23:50:48,input_length_2048-num_cores_2-num_channels_1-bypass_False-tile_size_1024,5/5,0.02173048,0.02518438,0.01331933,0.02843043,0.007588374539323293,,,,,,423.44,325.3,288.1,615.0,166.94862383380104,iron/operators/mem_copy/test.py::test_mem_copy
4d4b803c99fe896d0f08aba5dcc86a8f319c18a5,2026-06-22 18:12:43,input_length_2048-num_cores_2-num_channels_1-bypass_False-tile_size_1024,5/5,0.020350898,0.01756945,0.01567427,0.030111,0.005898728486968187,,,,,,425.62,466.3,272.1,522.6,100.8780798786337,iron/operators/mem_copy/test.py::test_mem_copy
7e6b95b65dcb69d511057cd3d8b565db1e1227e6,2026-04-27 21:22:14,input_length_2048-num_cores_2-num_channels_2-bypass_False-tile_size_1024,5/5,0.030439302,0.03320982,0.01682291,0.03842744,0.008390129633335233,,,,,,293.24,246.7,213.2,487.0,111.51180654979993,n/a
5503a9566e74d9b7c3221a857d903c0e3b1b7a98,2026-05-11 23:50:48,input_length_2048-num_cores_2-num_channels_2-bypass_False-tile_size_1024,5/5,0.021234793999999998,0.01817992,0.01396706,0.03080278,0.006877494757917304,,,,,,418.15999999999997,450.6,265.9,586.5,127.9212765727422,iron/operators/mem_copy/test.py::test_mem_copy
4d4b803c99fe896d0f08aba5dcc86a8f319c18a5,2026-06-22 18:12:43,input_length_2048-num_cores_2-num_channels_2-bypass_False-tile_size_1024,5/5,0.0219028,0.01973847,0.01624868,0.02871424,0.006274146238154637,,,,,,398.76,415.0,285.3,504.2,108.63665587636613,iron/operators/mem_copy/test.py::test_mem_copy
7e6b95b65dcb69d511057cd3d8b565db1e1227e6,2026-04-27 21:22:14,input_length_2048-num_cores_4-num_channels_1-bypass_False-tile_size_512,5/5,0.024314892,0.02866661,0.014856,0.03299408,0.008618754319573683,,,,,,379.7,285.8,248.3,551.4,151.53262025055858,n/a
5503a9566e74d9b7c3221a857d903c0e3b1b7a98,2026-05-11 23:50:48,input_length_2048-num_cores_4-num_channels_1-bypass_False-tile_size_512,5/5,0.020170505999999998,0.02034941,0.01435574,0.02796477,0.005315541483247968,,,,,,428.74,402.6,292.9,570.6,109.50405471944865,iron/operators/mem_copy/test.py::test_mem_copy
4d4b803c99fe896d0f08aba5dcc86a8f319c18a5,2026-06-22 18:12:43,input_length_2048-num_cores_4-num_channels_1-bypass_False-tile_size_512,5/5,0.017648482,0.01566019,0.01180335,0.03032434,0.007304636173066391,,,,,,514.0,523.1,270.1,694.0,155.84636665639655,iron/operators/mem_copy/test.py::test_mem_copy
7e6b95b65dcb69d511057cd3d8b565db1e1227e6,2026-04-27 21:22:14,input_length_2048-num_cores_4-num_channels_2-bypass_False-tile_size_512,5/5,0.0201967948,0.01951271,0.003336094,0.03623737,0.011717951395983224,,,,,,777.8,419.8,226.1,2455.6,941.3665147008363,n/a
5503a9566e74d9b7c3221a857d903c0e3b1b7a98,2026-05-11 23:50:48,input_length_2048-num_cores_4-num_channels_2-bypass_False-tile_size_512,5/5,0.028600028,0.02741624,0.01910243,0.04244955,0.010145790286383315,,,,,,316.6,298.8,193.0,428.8,108.57755292877069,iron/operators/mem_copy/test.py::test_mem_copy
4d4b803c99fe896d0f08aba5dcc86a8f319c18a5,2026-06-22 18:12:43,input_length_2048-num_cores_4-num_channels_2-bypass_False-tile_size_512,5/5,0.028485574,0.0324034,0.01466875,0.03581374,0.0084141659274571,,,,,,319.32,252.8,228.7,558.5,136.8847580996511,iron/operators/mem_copy/test.py::test_mem_copy
7e6b95b65dcb69d511057cd3d8b565db1e1227e6,2026-04-27 21:22:14,input_length_2048-num_cores_8-num_channels_2-bypass_False-tile_size_256,5/5,0.020759264,0.01772665,0.01509542,0.02855559,0.006331683969145175,,,,,,423.46000000000004,462.1,286.9,542.7,118.86054013001961,n/a
5503a9566e74d9b7c3221a857d903c0e3b1b7a98,2026-05-11 23:50:48,input_length_2048-num_cores_8-num_channels_2-bypass_False-tile_size_256,5/5,0.01899237,0.01456674,0.01312139,0.03296885,0.008301858034629959,,,,,,484.62,562.4,248.5,624.3,156.26019006772006,iron/operators/mem_copy/test.py::test_mem_copy
4d4b803c99fe896d0f08aba5dcc86a8f319c18a5,2026-06-22 18:12:43,input_length_2048-num_cores_8-num_channels_2-bypass_False-tile_size_256,5/5,0.014666731,0.0142891,0.008251585,0.02148749,0.005133991768325111,,,,,,622.66,573.3,381.2,992.8,239.1568585677609,iron/operators/mem_copy/test.py::test_mem_copy
7e6b95b65dcb69d511057cd3d8b565db1e1227e6,2026-04-27 21:22:14,input_length_32768-num_aie_columns_2-num_channels_2-tile_size_1024,5/5,0.37457538,0.3788099,0.2898476,0.4788281,0.0844284322616321,,,,,,364.74,346.0,273.7,452.2,82.85564555297364,n/a
5503a9566e74d9b7c3221a857d903c0e3b1b7a98,2026-05-11 23:50:48,input_length_32768-num_aie_columns_2-num_channels_2-tile_size_1024,5/5,0.30437544,0.2922492,0.1711905,0.4476656,0.1069136026211492,,,,,,480.06,448.5,292.8,765.6,184.01788771747164,iron/operators/softmax/test.py::test_softmax
4d4b803c99fe896d0f08aba5dcc86a8f319c18a5,2026-06-22 18:12:43,input_length_32768-num_aie_columns_2-num_channels_2-tile_size_1024,5/5,0.238873636,0.2614798,0.06469698,0.3903741,0.14259648350758683,,,,,,861.8,501.3,335.8,2025.9,716.3253380971527,iron/operators/softmax/test.py::test_softmax
7e6b95b65dcb69d511057cd3d8b565db1e1227e6,2026-04-27 21:22:14,input_length_32768-num_aie_columns_2-num_channels_2-tile_size_2048,5/5,0.34122318,0.330276,0.2616719,0.4224954,0.07863245564232367,,,,,,400.94,396.9,310.2,500.9,91.7751763822876,n/a
5503a9566e74d9b7c3221a857d903c0e3b1b7a98,2026-05-11 23:50:48,input_length_32768-num_aie_columns_2-num_channels_2-tile_size_2048,5/5,0.32888976000000003,0.3492413,0.18429,0.4663687,0.10827218274853888,,,,,,441.52000000000004,375.3,281.0,711.2,169.5406352471289,iron/operators/softmax/test.py::test_softmax
4d4b803c99fe896d0f08aba5dcc86a8f319c18a5,2026-06-22 18:12:43,input_length_32768-num_aie_columns_2-num_channels_2-tile_size_2048,5/5,0.29101526,0.2775926,0.1902763,0.4368164,0.09488554802496531,,,,,,487.82,472.2,300.1,688.9,148.59477447070606,iron/operators/softmax/test.py::test_softmax
7e6b95b65dcb69d511057cd3d8b565db1e1227e6,2026-04-27 21:22:14,input_length_32768-num_aie_columns_2-num_channels_2-tile_size_512,5/5,0.3160253,0.260448,0.19778,0.4936259,0.13170535423239255,,,,,,472.84000000000003,503.3,265.5,662.7,177.34279799303948,n/a
5503a9566e74d9b7c3221a857d903c0e3b1b7a98,2026-05-11 23:50:48,input_length_32768-num_aie_columns_2-num_channels_2-tile_size_512,5/5,0.44151232,0.4084092,0.2727751,0.7047298,0.161865583707399,,,,,,326.65999999999997,320.9,186.0,480.5,107.26846228039255,iron/operators/softmax/test.py::test_softmax
4d4b803c99fe896d0f08aba5dcc86a8f319c18a5,2026-06-22 18:12:43,input_length_32768-num_aie_columns_2-num_channels_2-tile_size_512,5/5,0.30400702,0.2533042,0.159071,0.5090926,0.14506681992193116,,,,,,515.14,517.4,257.5,824.0,230.45783345332396,iron/operators/softmax/test.py::test_softmax
7e6b95b65dcb69d511057cd3d8b565db1e1227e6,2026-04-27 21:22:14,rows_32-cols_512-angle_rows_32-aie_columns_1-method_type_0,5/5,0.2957953,0.3226753,0.1153624,0.4089134,0.10859026648399478,,,,,,404.04,304.7,240.4,852.1,252.38892210237756,n/a
5503a9566e74d9b7c3221a857d903c0e3b1b7a98,2026-05-11 23:50:48,rows_32-cols_512-angle_rows_32-aie_columns_1-method_type_0,5/5,0.25045844,0.2464315,0.1445075,0.3508652,0.08775293313743421,,,,,,437.96,398.9,280.2,680.3,166.68262656917784,iron/operators/rope/test.py::test_rope
4d4b803c99fe896d0f08aba5dcc86a8f319c18a5,2026-06-22 18:12:43,rows_32-cols_512-angle_rows_32-aie_columns_1-method_type_0,5/5,0.25554002,0.2236144,0.1265718,0.4244486,0.1223065843891162,,,,,,464.78000000000003,439.6,231.6,776.7,220.81369296309504,iron/operators/rope/test.py::test_rope
7e6b95b65dcb69d511057cd3d8b565db1e1227e6,2026-04-27 21:22:14,rows_32-cols_512-angle_rows_32-aie_columns_2-method_type_0,5/5,0.30543976,0.3200021,0.2043428,0.355517,0.0584497981729022,,,,,,334.48,307.2,276.5,481.1,82.97576152106109,n/a
5503a9566e74d9b7c3221a857d903c0e3b1b7a98,2026-05-11 23:50:48,rows_32-cols_512-angle_rows_32-aie_columns_2-method_type_0,5/5,0.197536,0.1941723,0.1658006,0.2358745,0.02679707925763552,,,,,,504.90000000000003,506.3,416.8,592.9,67.12268617986022,iron/operators/rope/test.py::test_rope
4d4b803c99fe896d0f08aba5dcc86a8f319c18a5,2026-06-22 18:12:43,rows_32-cols_512-angle_rows_32-aie_columns_2-method_type_0,5/5,0.1786295,0.1954696,0.0504742,0.2867829,0.08584741268378449,,,,,,780.52,502.9,342.8,1947.6,660.0959301495503,iron/operators/rope/test.py::test_rope
7e6b95b65dcb69d511057cd3d8b565db1e1227e6,2026-04-27 21:22:14,rows_32-cols_512-angle_rows_32-aie_columns_4-method_type_0,5/5,0.28012158,0.2278868,0.2057525,0.4469318,0.10145796203734825,,,,,,382.02,431.4,220.0,477.8,109.14601229545677,n/a
5503a9566e74d9b7c3221a857d903c0e3b1b7a98,2026-05-11 23:50:48,rows_32-cols_512-angle_rows_32-aie_columns_4-method_type_0,5/5,0.19913832,0.1963367,0.1719338,0.2502023,0.03144344941815385,,,,,,502.68,500.7,392.9,571.8,71.86916585017528,iron/operators/rope/test.py::test_rope
4d4b803c99fe896d0f08aba5dcc86a8f319c18a5,2026-06-22 18:12:43,rows_32-cols_512-angle_rows_32-aie_columns_4-method_type_0,5/5,0.18770386,0.1725425,0.1531136,0.2674946,0.04544803152825215,,,,,,543.6,569.7,367.5,642.0,103.56432783540865,iron/operators/rope/test.py::test_rope
7e6b95b65dcb69d511057cd3d8b565db1e1227e6,2026-04-27 21:22:14,rows_32-cols_512-angle_rows_8-aie_columns_1-method_type_0,5/5,0.185098348,0.2473181,0.03982884,0.2674619,0.10145112905030934,,,,,,669.22,298.1,275.7,1851.1,677.2269390684337,n/a
5503a9566e74d9b7c3221a857d903c0e3b1b7a98,2026-05-11 23:50:48,rows_32-cols_512-angle_rows_8-aie_columns_1-method_type_0,5/5,0.144803102,0.1509032,0.03776351,0.2306371,0.06891120313422934,,,,,,745.78,488.6,319.7,1952.4,678.3727898434606,iron/operators/rope/test.py::test_rope
4d4b803c99fe896d0f08aba5dcc86a8f319c18a5,2026-06-22 18:12:43,rows_32-cols_512-angle_rows_8-aie_columns_1-method_type_0,5/5,0.1648759,0.1709048,0.1435341,0.1903125,0.01996811981797485,,,,,,452.5,431.4,387.4,513.7,55.156776555560256,iron/operators/rope/test.py::test_rope
7e6b95b65dcb69d511057cd3d8b565db1e1227e6,2026-04-27 21:22:14,rows_32-cols_512-angle_rows_8-aie_columns_2-method_type_0,5/5,0.25247284,0.263658,0.1214507,0.3246113,0.08032050050384397,,,,,,331.02,279.6,227.1,607.1,157.3473450681644,n/a
5503a9566e74d9b7c3221a857d903c0e3b1b7a98,2026-05-11 23:50:48,rows_32-cols_512-angle_rows_8-aie_columns_2-method_type_0,5/5,0.23942026,0.1744319,0.1620552,0.3522885,0.09517960852206211,,,,,,346.24,422.7,209.3,455.0,120.66278630961577,iron/operators/rope/test.py::test_rope
4d4b803c99fe896d0f08aba5dcc86a8f319c18a5,2026-06-22 18:12:43,rows_32-cols_512-angle_rows_8-aie_columns_2-method_type_0,5/5,0.146338982,0.1322653,0.03785271,0.2559644,0.08168490870531483,,,,,,763.12,557.4,288.0,1947.8,675.9778524478446,iron/operators/rope/test.py::test_rope
7e6b95b65dcb69d511057cd3d8b565db1e1227e6,2026-04-27 21:22:14,rows_32-cols_512-angle_rows_8-aie_columns_4-method_type_0,5/5,0.153800176,0.134496,0.06937878,0.2528759,0.07295359653468689,,,,,,586.12,548.2,291.6,1062.7,303.58294912593493,n/a
5503a9566e74d9b7c3221a857d903c0e3b1b7a98,2026-05-11 23:50:48,rows_32-cols_512-angle_rows_8-aie_columns_4-method_type_0,5/5,0.19634968,0.2067927,0.1206601,0.2709682,0.0726224503412822,,,,,,425.06,356.5,272.1,611.0,169.4050560048312,iron/operators/rope/test.py::test_rope
4d4b803c99fe896d0f08aba5dcc86a8f319c18a5,2026-06-22 18:12:43,rows_32-cols_512-angle_rows_8-aie_columns_4-method_type_0,5/5,0.1770787,0.1446799,0.1308426,0.2382319,0.05159817377819683,,,,,,443.88,509.6,309.5,563.5,118.3981925537717,iron/operators/rope/test.py::test_rope
7e6b95b65dcb69d511057cd3d8b565db1e1227e6,2026-04-27 21:22:14,seq_len_256-embedding_dim_2048-hidden_dim_2048-prio_accuracy_False,5/5,0.08798,0.075,0.0725,0.1376,0.027941939803814625,,,,,,25291.8,27963.05,15239.81,28936.09,5744.12625074519,n/a
5503a9566e74d9b7c3221a857d903c0e3b1b7a98,2026-05-11 23:50:48,seq_len_256-embedding_dim_2048-hidden_dim_2048-prio_accuracy_False,5/5,0.09894,0.0904,0.0844,0.135,0.020606746468086613,,,,,,21805.694,23192.07,15534.0,24856.64,3674.017164389682,iron/operators/swiglu_prefill/test.py::test_swiglu_prefill
4d4b803c99fe896d0f08aba5dcc86a8f319c18a5,2026-06-22 18:12:43,seq_len_256-embedding_dim_2048-hidden_dim_2048-prio_accuracy_False,5/5,0.0909,0.0808,0.0771,0.1283,0.021292839171890628,,,,,,23890.154,25953.98,16350.74,27199.35,4391.764235296562,iron/operators/swiglu_prefill/test.py::test_swiglu_prefill
